<?xml version = '1.0' encoding = 'UTF-8'?>
<FKIndexAssociation class="oracle.dbtools.crest.model.design.relational.FKIndexAssociation" directorySegmentName="seg_0" id="4D07F5ED-5ACF-6B81-018F-25C3A131B9D0" containerWithKeyObject="950096E6-00BD-6BF4-CB91-CB560F8429F8" localFKIndex="27CCB4CA-54E6-49AB-2DA1-88604FEC17D7" name="specialisation_doctor_spec">
<createdBy>farhadullahrezwan</createdBy>
<createdTime>2019-04-30 14:42:12 UTC</createdTime>
<generatorID>ECC41746-2BA6-5C03-E5D8-FCAF299BA750</generatorID>
<ownerDesignName>mh_logical_model</ownerDesignName>
<referredTableLongName>SPECIALISATION</referredTableLongName>
<deleteRule>NO ACTION</deleteRule>
<referredTableID>F0E284AE-E20D-895E-DE7B-648780C7002D</referredTableID>
<keyObject>EDB774EC-954A-0533-A260-17E271C45E85</keyObject>
<referredKeyID>EDB774EC-954A-0533-A260-17E271C45E85</referredKeyID>
<mandatory>true</mandatory>
<refColNames>specialisation_id</refColNames>
<transferable>true</transferable>
<rely>false</rely>
<columnDependencyConstraintGenerateInDDL>true</columnDependencyConstraintGenerateInDDL>
</FKIndexAssociation>