<?xml version = '1.0' encoding = 'UTF-8'?>
<Table class="oracle.dbtools.crest.model.design.relational.Table" directorySegmentName="seg_0" id="52C2DC71-BBB3-13B8-095D-8C32597C351B" name="BED">
<createdBy>farhadullahrezwan</createdBy>
<createdTime>2019-04-30 15:05:22 UTC</createdTime>
<generatorID>1B06B0DD-D323-5B10-4AD7-BFF0ABDF5EA1</generatorID>
<ownerDesignName>mh_logical_model</ownerDesignName>
<allowColumnReorder>false</allowColumnReorder>
<existDependencyGenerateInDDl>true</existDependencyGenerateInDDl>
<parsed>true</parsed>
<columns itemClass="oracle.dbtools.crest.model.design.relational.Column">
<Column name="bed_number" id="9AB9FDF6-1BDD-8346-EF2F-B465B15F4E6C">
<createdBy>farhadullahrezwan</createdBy>
<createdTime>2019-04-30 15:05:22 UTC</createdTime>
<commentInRDBMS>bed_number: bed number within a particular ward</commentInRDBMS>
<generatorID>38032291-C86A-22E2-72DA-482EC2217417</generatorID>
<ownerDesignName>mh_logical_model</ownerDesignName>
<useDomainConstraints>false</useDomainConstraints>
<use>1</use>
<logicalDatatype>LOGDT019</logicalDatatype>
<dataTypePrecision>3</dataTypePrecision>
<ownDataTypeParameters>,3,</ownDataTypeParameters>
<autoIncrementColumn>true</autoIncrementColumn>
<autoIncrementCycle>false</autoIncrementCycle>
<autoIncrementGenerateTrigger>false</autoIncrementGenerateTrigger>
</Column>
<Column name="ward_code" id="C1D010FC-A8C3-BF80-1D7E-E4D15D6F473C">
<createdBy>farhadullahrezwan</createdBy>
<createdTime>2019-04-30 15:05:22 UTC</createdTime>
<commentInRDBMS>ward_code: ward code</commentInRDBMS>
<generatorID>2AD3444B-E817-60B1-CF67-A19EF33E1703</generatorID>
<ownerDesignName>mh_logical_model</ownerDesignName>
<useDomainConstraints>false</useDomainConstraints>
<use>1</use>
<logicalDatatype>LOGDT019</logicalDatatype>
<dataTypePrecision>3</dataTypePrecision>
<ownDataTypeParameters>,,</ownDataTypeParameters>
<previousColumn>false</previousColumn>
<autoIncrementCycle>false</autoIncrementCycle>
<associations>
<colAssociation fkAssociation="C7BF353F-4CBB-DB7F-1C24-862B649E4CB5" referredColumn="D1CB729D-6B5B-4DFA-2600-BD7A3019C9FA"/>
</associations>
</Column>
<Column name="bed_phone_no" id="73C0B0A8-4368-A800-EE77-85802AC1AC8A">
<createdBy>farhadullahrezwan</createdBy>
<createdTime>2019-04-30 15:05:22 UTC</createdTime>
<commentInRDBMS>bed_phone_no: bedside telephone number</commentInRDBMS>
<generatorID>23816EFF-046E-CDC3-9C8A-E7AE4E6F0F55</generatorID>
<ownerDesignName>mh_logical_model</ownerDesignName>
<nullsAllowed>true</nullsAllowed>
<useDomainConstraints>false</useDomainConstraints>
<use>1</use>
<logicalDatatype>LOGDT025</logicalDatatype>
<dataTypeSize>10</dataTypeSize>
<ownDataTypeParameters>10,,</ownDataTypeParameters>
<autoIncrementCycle>false</autoIncrementCycle>
</Column>
<Column name="bed_type" id="6D4E9D06-BC28-A822-5A73-266CC134A94D">
<createdBy>farhadullahrezwan</createdBy>
<createdTime>2019-04-30 15:05:22 UTC</createdTime>
<commentInRDBMS>bed_type: beds are classified as either fixed or adjustable</commentInRDBMS>
<generatorID>F204296D-7C1D-B414-43CB-52DB5109D141</generatorID>
<ownerDesignName>mh_logical_model</ownerDesignName>
<constraintName>chk_bedtype</constraintName>
<useDomainConstraints>false</useDomainConstraints>
<use>1</use>
<logicalDatatype>LOGDT025</logicalDatatype>
<dataTypeSize>10</dataTypeSize>
<listOfValues>
<valueDef value="adjustable" description="bed type is adjustable"/>
<valueDef value="fixed" description="bed type is fixed"/>
</listOfValues>
<ownDataTypeParameters>10,,</ownDataTypeParameters>
<autoIncrementCycle>false</autoIncrementCycle>
</Column>
</columns>
<indexes itemClass="oracle.dbtools.crest.model.design.relational.Index">
<ind_PK_UK id="1D148741-D04C-1F5A-DF68-C53D567CC956" name="BED_PK">
<createdBy>farhadullahrezwan</createdBy>
<createdTime>2019-04-30 15:05:22 UTC</createdTime>
<generatorID>0FD568B4-1906-E733-FB35-9D3827E88FDA</generatorID>
<ownerDesignName>mh_logical_model</ownerDesignName>
<pk>true</pk>
<indexState>Primary Constraint</indexState>
<isSurrogateKey>false</isSurrogateKey>
<indexColumnUsage>
<colUsage columnID="9AB9FDF6-1BDD-8346-EF2F-B465B15F4E6C"/>
<colUsage columnID="C1D010FC-A8C3-BF80-1D7E-E4D15D6F473C"/>
</indexColumnUsage>
</ind_PK_UK>
<ind_PK_UK id="1563D53A-776A-A7FC-015A-80F24148F33C" name="ward_bed">
<createdBy>farhadullahrezwan</createdBy>
<createdTime>2019-04-30 15:05:22 UTC</createdTime>
<generatorID>A75CD2C6-A425-FB8E-F9C1-0E20F6EA0FAA</generatorID>
<ownerDesignName>mh_logical_model</ownerDesignName>
<indexState>Foreign Key</indexState>
<isSurrogateKey>false</isSurrogateKey>
<indexColumnUsage>
<colUsage columnID="C1D010FC-A8C3-BF80-1D7E-E4D15D6F473C"/>
</indexColumnUsage>
</ind_PK_UK>
</indexes>
</Table>