<?xml version = '1.0' encoding = 'UTF-8'?>
<Table class="oracle.dbtools.crest.model.design.relational.Table" directorySegmentName="seg_0" id="60A31D34-225C-F6F2-F4EB-4399016CEEA6" name="E_ITEM">
<createdBy>farhadullahrezwan</createdBy>
<createdTime>2019-04-30 15:05:22 UTC</createdTime>
<generatorID>F235C7E0-20E1-387F-FB56-CE022CB9BBD0</generatorID>
<ownerDesignName>mh_logical_model</ownerDesignName>
<allowColumnReorder>false</allowColumnReorder>
<existDependencyGenerateInDDl>true</existDependencyGenerateInDDl>
<parsed>true</parsed>
<columns itemClass="oracle.dbtools.crest.model.design.relational.Column">
<Column name="item_code" id="0A617744-10FE-AA54-99F3-745DF361A99F">
<createdBy>farhadullahrezwan</createdBy>
<createdTime>2019-04-30 15:05:22 UTC</createdTime>
<commentInRDBMS>item_code: item code for each extra item</commentInRDBMS>
<generatorID>4BEE00D0-F7AE-F857-11FC-C906BF530AE9</generatorID>
<ownerDesignName>mh_logical_model</ownerDesignName>
<useDomainConstraints>false</useDomainConstraints>
<use>1</use>
<logicalDatatype>LOGDT025</logicalDatatype>
<dataTypeSize>5</dataTypeSize>
<ownDataTypeParameters>5,,</ownDataTypeParameters>
<autoIncrementColumn>true</autoIncrementColumn>
<autoIncrementCycle>false</autoIncrementCycle>
<autoIncrementGenerateTrigger>false</autoIncrementGenerateTrigger>
</Column>
<Column name="item_description" id="A4E12258-2B87-B551-1FA6-8E7026D59CC1">
<createdBy>farhadullahrezwan</createdBy>
<createdTime>2019-04-30 15:05:22 UTC</createdTime>
<commentInRDBMS>item_description: description of each extra item</commentInRDBMS>
<generatorID>5F29AA7B-5115-EBE3-528C-67BFF3C2C17E</generatorID>
<ownerDesignName>mh_logical_model</ownerDesignName>
<useDomainConstraints>false</useDomainConstraints>
<use>1</use>
<logicalDatatype>LOGDT024</logicalDatatype>
<dataTypeSize>50</dataTypeSize>
<ownDataTypeParameters>50,,</ownDataTypeParameters>
<autoIncrementCycle>false</autoIncrementCycle>
</Column>
<Column name="item_price" id="82385D4B-24CF-D392-8022-96EA0ECF4E68">
<createdBy>farhadullahrezwan</createdBy>
<createdTime>2019-04-30 15:05:22 UTC</createdTime>
<commentInRDBMS>item_price: price of each extra item</commentInRDBMS>
<generatorID>192BD878-9F1A-FAD4-9346-E0CF592E09D0</generatorID>
<ownerDesignName>mh_logical_model</ownerDesignName>
<constraintName>itmprice_chk</constraintName>
<useDomainConstraints>false</useDomainConstraints>
<use>1</use>
<logicalDatatype>LOGDT019</logicalDatatype>
<dataTypePrecision>7</dataTypePrecision>
<dataTypeScale>2</dataTypeScale>
<checkConstraint>
<implementationDef dbType="Oracle Database 11g" definition="item_price &gt; 0"/>
</checkConstraint>
<ownDataTypeParameters>,7,2</ownDataTypeParameters>
<autoIncrementCycle>false</autoIncrementCycle>
</Column>
<Column name="item_cstock" id="998BB451-7B8E-320B-1E6A-D8D3B8EF2F7D">
<createdBy>farhadullahrezwan</createdBy>
<createdTime>2019-04-30 15:05:22 UTC</createdTime>
<commentInRDBMS>item_cstock: current stock of each item</commentInRDBMS>
<generatorID>8D3F68FA-4341-31B2-7298-481A6DA776EF</generatorID>
<ownerDesignName>mh_logical_model</ownerDesignName>
<useDomainConstraints>false</useDomainConstraints>
<use>1</use>
<logicalDatatype>LOGDT019</logicalDatatype>
<dataTypePrecision>4</dataTypePrecision>
<ownDataTypeParameters>,4,</ownDataTypeParameters>
<autoIncrementCycle>false</autoIncrementCycle>
</Column>
<Column name="centre_code" id="B7898B61-EE68-6D9B-A9D3-FA2464C0415F">
<createdBy>farhadullahrezwan</createdBy>
<createdTime>2019-04-30 15:05:22 UTC</createdTime>
<commentInRDBMS>centre_code: cost centre code</commentInRDBMS>
<generatorID>814CD478-BDD1-978E-B9D3-530E87C359D5</generatorID>
<ownerDesignName>mh_logical_model</ownerDesignName>
<useDomainConstraints>false</useDomainConstraints>
<use>1</use>
<logicalDatatype>LOGDT019</logicalDatatype>
<dataTypePrecision>5</dataTypePrecision>
<ownDataTypeParameters>,,</ownDataTypeParameters>
<previousColumn>false</previousColumn>
<autoIncrementCycle>false</autoIncrementCycle>
<associations>
<colAssociation fkAssociation="FF6D7FC6-48E5-306D-F8E9-3539BA5DD2A6" referredColumn="6F94A6D7-8D24-C146-CE4B-3824BCA5FB40"/>
</associations>
</Column>
</columns>
<indexes itemClass="oracle.dbtools.crest.model.design.relational.Index">
<ind_PK_UK id="3D754EE1-1C13-2944-A62A-01AF9A874742" name="EXTRA_ITEM_PK">
<createdBy>farhadullahrezwan</createdBy>
<createdTime>2019-04-30 15:05:22 UTC</createdTime>
<generatorID>A1C3EE90-62CC-79A5-9A6D-989B11F9649A</generatorID>
<ownerDesignName>mh_logical_model</ownerDesignName>
<pk>true</pk>
<indexState>Primary Constraint</indexState>
<isSurrogateKey>false</isSurrogateKey>
<indexColumnUsage>
<colUsage columnID="0A617744-10FE-AA54-99F3-745DF361A99F"/>
</indexColumnUsage>
</ind_PK_UK>
<ind_PK_UK id="1AE8AE16-2929-138F-B408-128D9FEF597A" name="cost_centre_eitem">
<createdBy>farhadullahrezwan</createdBy>
<createdTime>2019-04-30 15:05:22 UTC</createdTime>
<generatorID>05C21D6D-2784-B9B9-1990-6E2AAD3694E3</generatorID>
<ownerDesignName>mh_logical_model</ownerDesignName>
<indexState>Foreign Key</indexState>
<isSurrogateKey>false</isSurrogateKey>
<indexColumnUsage>
<colUsage columnID="B7898B61-EE68-6D9B-A9D3-FA2464C0415F"/>
</indexColumnUsage>
</ind_PK_UK>
</indexes>
</Table>