<?xml version = '1.0' encoding = 'UTF-8'?>
<Table class="oracle.dbtools.crest.model.design.relational.Table" directorySegmentName="seg_0" id="9B18193F-2AF3-10FF-33B1-3999C1917E65" name="SPECIALISATION">
<createdBy>farhadullahrezwan</createdBy>
<createdTime>2019-04-30 15:05:22 UTC</createdTime>
<generatorID>9341A1FF-A067-F1C0-32BB-6DDBC90FC383</generatorID>
<ownerDesignName>mh_logical_model</ownerDesignName>
<allowColumnReorder>false</allowColumnReorder>
<existDependencyGenerateInDDl>true</existDependencyGenerateInDDl>
<parsed>true</parsed>
<columns itemClass="oracle.dbtools.crest.model.design.relational.Column">
<Column name="specialisation_id" id="B9F2A6A1-E1A1-76FC-6CF1-01E4AF202F28">
<createdBy>farhadullahrezwan</createdBy>
<createdTime>2019-04-30 15:05:22 UTC</createdTime>
<commentInRDBMS>specialisation_id: doctor specialisation id</commentInRDBMS>
<generatorID>809F5F80-C855-8CF3-1F51-74DEA878BDDD</generatorID>
<ownerDesignName>mh_logical_model</ownerDesignName>
<useDomainConstraints>false</useDomainConstraints>
<use>1</use>
<logicalDatatype>LOGDT019</logicalDatatype>
<dataTypePrecision>3</dataTypePrecision>
<ownDataTypeParameters>,3,</ownDataTypeParameters>
<autoIncrementColumn>true</autoIncrementColumn>
<autoIncrementCycle>false</autoIncrementCycle>
<autoIncrementGenerateTrigger>false</autoIncrementGenerateTrigger>
</Column>
<Column name="specialisation_name" id="6DDC3C18-8183-0A19-614C-C3200EB6854A">
<createdBy>farhadullahrezwan</createdBy>
<createdTime>2019-04-30 15:05:22 UTC</createdTime>
<commentInRDBMS>specialisation_name: doctor&apos;s specialisation name</commentInRDBMS>
<generatorID>8F0F7349-86F9-E4FC-07B3-3ADF9469BE57</generatorID>
<ownerDesignName>mh_logical_model</ownerDesignName>
<useDomainConstraints>false</useDomainConstraints>
<use>1</use>
<logicalDatatype>LOGDT025</logicalDatatype>
<dataTypeSize>50</dataTypeSize>
<ownDataTypeParameters>50,,</ownDataTypeParameters>
<autoIncrementCycle>false</autoIncrementCycle>
</Column>
</columns>
<indexes itemClass="oracle.dbtools.crest.model.design.relational.Index">
<ind_PK_UK id="011CDB25-083B-64EA-DA77-2620574F19F6" name="SPECIALISATION_PK">
<createdBy>farhadullahrezwan</createdBy>
<createdTime>2019-04-30 15:05:22 UTC</createdTime>
<generatorID>757C9BD6-371D-A0EA-CF78-C9F04EF750F0</generatorID>
<ownerDesignName>mh_logical_model</ownerDesignName>
<pk>true</pk>
<indexState>Primary Constraint</indexState>
<isSurrogateKey>false</isSurrogateKey>
<indexColumnUsage>
<colUsage columnID="B9F2A6A1-E1A1-76FC-6CF1-01E4AF202F28"/>
</indexColumnUsage>
</ind_PK_UK>
<ind_PK_UK id="C546721D-A738-A1B3-3AB0-9874A4CC0C99" name="SPECIALISATION_NK">
<createdBy>farhadullahrezwan</createdBy>
<createdTime>2019-04-30 15:05:22 UTC</createdTime>
<generatorID>C88D480C-93D0-4580-4F70-A19F1A048C55</generatorID>
<ownerDesignName>mh_logical_model</ownerDesignName>
<indexState>Unique Constraint</indexState>
<isSurrogateKey>false</isSurrogateKey>
<indexColumnUsage>
<colUsage columnID="6DDC3C18-8183-0A19-614C-C3200EB6854A"/>
</indexColumnUsage>
</ind_PK_UK>
</indexes>
</Table>