<?xml version = '1.0' encoding = 'UTF-8'?>
<Table class="oracle.dbtools.crest.model.design.relational.Table" directorySegmentName="seg_0" id="466BC56A-4A4D-1CDB-92C2-8D551A5004CB" name="COST_CENTRE">
<createdBy>farhadullahrezwan</createdBy>
<createdTime>2019-04-30 14:42:11 UTC</createdTime>
<generatorID>3D9B5AF8-3563-0AF9-2F74-8E9B26C4220D</generatorID>
<ownerDesignName>mh_logical_model</ownerDesignName>
<allowColumnReorder>false</allowColumnReorder>
<existDependencyGenerateInDDl>true</existDependencyGenerateInDDl>
<parsed>true</parsed>
<columns itemClass="oracle.dbtools.crest.model.design.relational.Column">
<Column name="centre_code" id="61EE0EAB-4313-57D9-ABF3-19DFEFDC9BA8">
<createdBy>farhadullahrezwan</createdBy>
<createdTime>2019-04-30 14:42:11 UTC</createdTime>
<commentInRDBMS>centre_code: cost centre code</commentInRDBMS>
<generatorID>FF163BE9-EC9C-40AF-C956-0CA19508C9D3</generatorID>
<ownerDesignName>mh_logical_model</ownerDesignName>
<useDomainConstraints>false</useDomainConstraints>
<use>1</use>
<logicalDatatype>LOGDT019</logicalDatatype>
<dataTypePrecision>5</dataTypePrecision>
<ownDataTypeParameters>,5,</ownDataTypeParameters>
<autoIncrementCycle>false</autoIncrementCycle>
</Column>
<Column name="centre_title" id="76AEAEF7-A840-3A06-ED46-F465F105E809">
<createdBy>farhadullahrezwan</createdBy>
<createdTime>2019-04-30 14:42:11 UTC</createdTime>
<commentInRDBMS>centre_title: cost centre title</commentInRDBMS>
<generatorID>93C72470-D680-F1FB-0E99-22CC682FADF0</generatorID>
<ownerDesignName>mh_logical_model</ownerDesignName>
<useDomainConstraints>false</useDomainConstraints>
<use>1</use>
<logicalDatatype>LOGDT024</logicalDatatype>
<dataTypeSize>50</dataTypeSize>
<ownDataTypeParameters>50,,</ownDataTypeParameters>
<autoIncrementCycle>false</autoIncrementCycle>
</Column>
<Column name="manager_name" id="0E9DF42C-A651-809D-1E05-7BE64E017DED">
<createdBy>farhadullahrezwan</createdBy>
<createdTime>2019-04-30 14:42:11 UTC</createdTime>
<commentInRDBMS>manager_name: manager name</commentInRDBMS>
<generatorID>8EA11DA0-001D-78F0-191C-276A2F630F1C</generatorID>
<ownerDesignName>mh_logical_model</ownerDesignName>
<useDomainConstraints>false</useDomainConstraints>
<use>1</use>
<logicalDatatype>LOGDT024</logicalDatatype>
<dataTypeSize>50</dataTypeSize>
<ownDataTypeParameters>50,,</ownDataTypeParameters>
<autoIncrementCycle>false</autoIncrementCycle>
</Column>
</columns>
<indexes itemClass="oracle.dbtools.crest.model.design.relational.Index">
<ind_PK_UK id="B7581594-A42E-E403-A5B4-153C4FC95204" name="COST_CENTRE_PK">
<createdBy>farhadullahrezwan</createdBy>
<createdTime>2019-04-30 14:42:11 UTC</createdTime>
<generatorID>85FE6E91-0859-6C8D-74EF-8FD3E3D1679F</generatorID>
<ownerDesignName>mh_logical_model</ownerDesignName>
<pk>true</pk>
<indexState>Primary Constraint</indexState>
<isSurrogateKey>false</isSurrogateKey>
<indexColumnUsage>
<colUsage columnID="61EE0EAB-4313-57D9-ABF3-19DFEFDC9BA8"/>
</indexColumnUsage>
</ind_PK_UK>
</indexes>
</Table>