<?xml version = '1.0' encoding = 'UTF-8'?>
<Table class="oracle.dbtools.crest.model.design.relational.Table" directorySegmentName="seg_0" id="64F71207-D2A9-5E16-5C14-340D5D580368" name="PAT_PROCEDURE">
<createdBy>farhadullahrezwan</createdBy>
<createdTime>2019-04-30 14:42:11 UTC</createdTime>
<generatorID>1B37467E-7324-891F-E987-26961995C226</generatorID>
<ownerDesignName>mh_logical_model</ownerDesignName>
<allowColumnReorder>false</allowColumnReorder>
<existDependencyGenerateInDDl>true</existDependencyGenerateInDDl>
<parsed>true</parsed>
<columns itemClass="oracle.dbtools.crest.model.design.relational.Column">
<Column name="carried_out_on" id="062C664B-B49B-579C-1782-D179F789425A">
<createdBy>farhadullahrezwan</createdBy>
<createdTime>2019-04-30 14:42:11 UTC</createdTime>
<commentInRDBMS>carried_out_on: procedure carried out on</commentInRDBMS>
<generatorID>BC91F747-807F-E32E-91E8-9AF1F7B11518</generatorID>
<ownerDesignName>mh_logical_model</ownerDesignName>
<useDomainConstraints>false</useDomainConstraints>
<use>1</use>
<logicalDatatype>LOGDT008</logicalDatatype>
<ownDataTypeParameters>,,</ownDataTypeParameters>
<autoIncrementCycle>false</autoIncrementCycle>
</Column>
<Column name="adm_number" id="A029269A-4334-2788-6AC6-4C6A025664F1">
<createdBy>farhadullahrezwan</createdBy>
<createdTime>2019-04-30 14:42:11 UTC</createdTime>
<commentInRDBMS>adm_number: surrogate key added to entity</commentInRDBMS>
<generatorID>D1C6B78A-FE86-952F-E7F3-B8E6ED8B26C3</generatorID>
<ownerDesignName>mh_logical_model</ownerDesignName>
<useDomainConstraints>false</useDomainConstraints>
<use>1</use>
<logicalDatatype>LOGDT019</logicalDatatype>
<dataTypePrecision>6</dataTypePrecision>
<ownDataTypeParameters>,,</ownDataTypeParameters>
<previousColumn>false</previousColumn>
<autoIncrementCycle>false</autoIncrementCycle>
<associations>
<colAssociation fkAssociation="789CED24-2FDC-E344-68A6-E1984CD2CE51" referredColumn="3109BDF4-A858-8742-E4CF-CC7058FA5FCD"/>
</associations>
</Column>
<Column name="procedure_charge" id="8898BFB4-1DAB-EE14-703A-A03D7A14C206">
<createdBy>farhadullahrezwan</createdBy>
<createdTime>2019-04-30 14:42:11 UTC</createdTime>
<commentInRDBMS>procedure_charge: procedure charge to patient</commentInRDBMS>
<generatorID>C8D1EB47-14FA-A211-DB6B-3EA7CEE181AC</generatorID>
<ownerDesignName>mh_logical_model</ownerDesignName>
<constraintName>prochrg_chk</constraintName>
<nullsAllowed>true</nullsAllowed>
<useDomainConstraints>false</useDomainConstraints>
<use>1</use>
<logicalDatatype>LOGDT019</logicalDatatype>
<dataTypePrecision>7</dataTypePrecision>
<dataTypeScale>2</dataTypeScale>
<checkConstraint>
<implementationDef dbType="Oracle Database 11g" definition="procedure_charge &gt; 0"/>
</checkConstraint>
<ownDataTypeParameters>,7,2</ownDataTypeParameters>
<autoIncrementCycle>false</autoIncrementCycle>
</Column>
<Column name="totalextras_charges" id="89135AE1-E918-7AD1-3FA7-A7293715DBAE">
<createdBy>farhadullahrezwan</createdBy>
<createdTime>2019-04-30 14:42:11 UTC</createdTime>
<commentInRDBMS>totalextras_charges: total extras charges to patient</commentInRDBMS>
<generatorID>AEC18B4B-2AAC-6704-FF48-6F5C8A4781DE</generatorID>
<ownerDesignName>mh_logical_model</ownerDesignName>
<constraintName>texcharge_chk</constraintName>
<nullsAllowed>true</nullsAllowed>
<useDomainConstraints>false</useDomainConstraints>
<use>1</use>
<logicalDatatype>LOGDT019</logicalDatatype>
<dataTypePrecision>7</dataTypePrecision>
<dataTypeScale>2</dataTypeScale>
<checkConstraint>
<implementationDef dbType="Oracle Database 11g" definition="totalextras_charges &gt; 0"/>
</checkConstraint>
<ownDataTypeParameters>,7,2</ownDataTypeParameters>
<autoIncrementCycle>false</autoIncrementCycle>
</Column>
<Column name="reqdoctor_id" id="D5F47ECC-849E-701E-3E7B-1CFE76BD7584">
<createdBy>farhadullahrezwan</createdBy>
<createdTime>2019-04-30 14:42:11 UTC</createdTime>
<commentInRDBMS>doctor_id: doctor id</commentInRDBMS>
<generatorID>2EF475C0-C906-1E2E-FE79-799079ACB67B</generatorID>
<ownerDesignName>mh_logical_model</ownerDesignName>
<nullsAllowed>true</nullsAllowed>
<useDomainConstraints>false</useDomainConstraints>
<use>1</use>
<logicalDatatype>LOGDT019</logicalDatatype>
<dataTypePrecision>4</dataTypePrecision>
<ownDataTypeParameters>,,</ownDataTypeParameters>
<previousColumn>false</previousColumn>
<autoIncrementCycle>false</autoIncrementCycle>
<associations>
<colAssociation fkAssociation="326D5188-B830-DB0A-D539-8579ACE430B8" referredColumn="A329A291-2852-0CB6-22E6-7965C41C34AF"/>
</associations>
</Column>
<Column name="doccarried_id" id="3D84274C-6AEA-531E-A977-DC0445FBF6C5">
<createdBy>farhadullahrezwan</createdBy>
<createdTime>2019-04-30 14:42:11 UTC</createdTime>
<commentInRDBMS>doctor_id: doctor id</commentInRDBMS>
<generatorID>E7D2985C-EF2D-D5A2-A85A-DA325047CBBE</generatorID>
<ownerDesignName>mh_logical_model</ownerDesignName>
<nullsAllowed>true</nullsAllowed>
<useDomainConstraints>false</useDomainConstraints>
<use>1</use>
<logicalDatatype>LOGDT019</logicalDatatype>
<dataTypePrecision>4</dataTypePrecision>
<ownDataTypeParameters>,,</ownDataTypeParameters>
<previousColumn>false</previousColumn>
<autoIncrementCycle>false</autoIncrementCycle>
<associations>
<colAssociation fkAssociation="627DA242-F691-CB4F-2D00-DA497297EF3C" referredColumn="A329A291-2852-0CB6-22E6-7965C41C34AF"/>
</associations>
</Column>
<Column name="procedure_code" id="2A55019C-A13B-7DEF-49B4-1F9EE921C139">
<createdBy>farhadullahrezwan</createdBy>
<createdTime>2019-04-30 14:42:11 UTC</createdTime>
<commentInRDBMS>procedure_code: procedure code</commentInRDBMS>
<generatorID>EC2A64D1-2AFD-B9D5-E70E-99529BDBF6E2</generatorID>
<ownerDesignName>mh_logical_model</ownerDesignName>
<useDomainConstraints>false</useDomainConstraints>
<use>1</use>
<logicalDatatype>LOGDT019</logicalDatatype>
<dataTypePrecision>5</dataTypePrecision>
<ownDataTypeParameters>,,</ownDataTypeParameters>
<previousColumn>false</previousColumn>
<autoIncrementCycle>false</autoIncrementCycle>
<associations>
<colAssociation fkAssociation="01C453CA-DD55-9889-2F66-6D780231E0D5" referredColumn="23E45B46-09B0-CBC3-C5F8-EFDBFDD364BB"/>
</associations>
</Column>
</columns>
<indexes itemClass="oracle.dbtools.crest.model.design.relational.Index">
<ind_PK_UK id="3019D960-8832-7FAC-40CA-5003894939E3" name="PATIENT_PROCEDURE_PK">
<createdBy>farhadullahrezwan</createdBy>
<createdTime>2019-04-30 14:42:11 UTC</createdTime>
<generatorID>49692CA3-6C40-DE3C-75B3-A94E4BE03CDE</generatorID>
<ownerDesignName>mh_logical_model</ownerDesignName>
<pk>true</pk>
<indexState>Primary Constraint</indexState>
<isSurrogateKey>false</isSurrogateKey>
<indexColumnUsage>
<colUsage columnID="A029269A-4334-2788-6AC6-4C6A025664F1"/>
<colUsage columnID="062C664B-B49B-579C-1782-D179F789425A"/>
</indexColumnUsage>
</ind_PK_UK>
<ind_PK_UK id="BE6D8E58-1E0E-89FC-C377-D1D75D807972" name="doctor_pat_procedure">
<createdBy>farhadullahrezwan</createdBy>
<createdTime>2019-04-30 14:42:12 UTC</createdTime>
<generatorID>8B984EC4-FA8A-5164-EB9F-B6A08A8F6BE0</generatorID>
<ownerDesignName>mh_logical_model</ownerDesignName>
<indexState>Foreign Key</indexState>
<isSurrogateKey>false</isSurrogateKey>
<indexColumnUsage>
<colUsage columnID="D5F47ECC-849E-701E-3E7B-1CFE76BD7584"/>
</indexColumnUsage>
</ind_PK_UK>
<ind_PK_UK id="0298CB2E-5A5C-843F-4BEC-B2475969388B" name="doctor_pat_procedurev2">
<createdBy>farhadullahrezwan</createdBy>
<createdTime>2019-04-30 14:42:12 UTC</createdTime>
<generatorID>EC2AC6AB-001A-9A9B-ABEC-CA11304E78D8</generatorID>
<ownerDesignName>mh_logical_model</ownerDesignName>
<indexState>Foreign Key</indexState>
<isSurrogateKey>false</isSurrogateKey>
<indexColumnUsage>
<colUsage columnID="3D84274C-6AEA-531E-A977-DC0445FBF6C5"/>
</indexColumnUsage>
</ind_PK_UK>
<ind_PK_UK id="7E87AC0B-A3AF-75F7-4C38-5EE3A4EC77B7" name="pat_admission_pat_procedure">
<createdBy>farhadullahrezwan</createdBy>
<createdTime>2019-04-30 14:42:12 UTC</createdTime>
<generatorID>C700E7B0-0441-07F8-566B-B8C79FA453A0</generatorID>
<ownerDesignName>mh_logical_model</ownerDesignName>
<indexState>Foreign Key</indexState>
<isSurrogateKey>false</isSurrogateKey>
<indexColumnUsage>
<colUsage columnID="A029269A-4334-2788-6AC6-4C6A025664F1"/>
</indexColumnUsage>
</ind_PK_UK>
<ind_PK_UK id="86F3055E-9C0A-E36A-6C8D-9DD569BAD4AA" name="procedure_pat_procedure">
<createdBy>farhadullahrezwan</createdBy>
<createdTime>2019-04-30 14:42:12 UTC</createdTime>
<generatorID>3ECFB8FA-0295-D1DB-4A5B-741BE5BB7800</generatorID>
<ownerDesignName>mh_logical_model</ownerDesignName>
<indexState>Foreign Key</indexState>
<isSurrogateKey>false</isSurrogateKey>
<indexColumnUsage>
<colUsage columnID="2A55019C-A13B-7DEF-49B4-1F9EE921C139"/>
</indexColumnUsage>
</ind_PK_UK>
</indexes>
</Table>