<?xml version = '1.0' encoding = 'UTF-8'?>
<Table class="oracle.dbtools.crest.model.design.relational.Table" directorySegmentName="seg_0" id="6B3D9C8A-5552-7A7E-524E-AE9B20EC38C5" name="NURSE">
<createdBy>farhadullahrezwan</createdBy>
<createdTime>2019-04-30 14:42:11 UTC</createdTime>
<generatorID>499930D8-5880-ED47-0FFE-D5BEB2B391D4</generatorID>
<ownerDesignName>mh_logical_model</ownerDesignName>
<allowColumnReorder>false</allowColumnReorder>
<existDependencyGenerateInDDl>true</existDependencyGenerateInDDl>
<parsed>true</parsed>
<columns itemClass="oracle.dbtools.crest.model.design.relational.Column">
<Column name="nurse_id" id="47C8CBE0-149A-B564-693A-EFA269ED3698">
<createdBy>farhadullahrezwan</createdBy>
<createdTime>2019-04-30 14:42:11 UTC</createdTime>
<commentInRDBMS>nurse_id: unique nurse id</commentInRDBMS>
<generatorID>E4982A37-1AE2-738C-4A16-AEA2D376614A</generatorID>
<ownerDesignName>mh_logical_model</ownerDesignName>
<useDomainConstraints>false</useDomainConstraints>
<use>1</use>
<logicalDatatype>LOGDT019</logicalDatatype>
<dataTypePrecision>4</dataTypePrecision>
<ownDataTypeParameters>,4,</ownDataTypeParameters>
<autoIncrementCycle>false</autoIncrementCycle>
</Column>
<Column name="nurse_fname" id="516074B3-95CE-A1F9-1A06-35372B4AFBF0">
<createdBy>farhadullahrezwan</createdBy>
<createdTime>2019-04-30 14:42:11 UTC</createdTime>
<commentInRDBMS>nurse_fname: nurse first name</commentInRDBMS>
<generatorID>0C9704CF-5DD8-D641-17F3-C6B4C52D0249</generatorID>
<ownerDesignName>mh_logical_model</ownerDesignName>
<useDomainConstraints>false</useDomainConstraints>
<use>1</use>
<logicalDatatype>LOGDT024</logicalDatatype>
<dataTypeSize>50</dataTypeSize>
<ownDataTypeParameters>50,,</ownDataTypeParameters>
<autoIncrementCycle>false</autoIncrementCycle>
</Column>
<Column name="nurse_lname" id="D596D7E0-B7F3-F658-DB7F-973785512D86">
<createdBy>farhadullahrezwan</createdBy>
<createdTime>2019-04-30 14:42:11 UTC</createdTime>
<commentInRDBMS>nurse_lname: nurse last name</commentInRDBMS>
<generatorID>ECBE461C-DA6A-7280-CE02-B801DB3D52BD</generatorID>
<ownerDesignName>mh_logical_model</ownerDesignName>
<useDomainConstraints>false</useDomainConstraints>
<use>1</use>
<logicalDatatype>LOGDT024</logicalDatatype>
<dataTypeSize>50</dataTypeSize>
<ownDataTypeParameters>50,,</ownDataTypeParameters>
<autoIncrementCycle>false</autoIncrementCycle>
</Column>
<Column name="nurse_phone" id="D71CE7BF-9DFF-F26E-ABA9-39D4CC611748">
<createdBy>farhadullahrezwan</createdBy>
<createdTime>2019-04-30 14:42:11 UTC</createdTime>
<commentInRDBMS>nurse_phone: nurse contact phone number</commentInRDBMS>
<generatorID>C35CCE7E-E13C-7A6D-C3D8-D159C1BBA093</generatorID>
<ownerDesignName>mh_logical_model</ownerDesignName>
<useDomainConstraints>false</useDomainConstraints>
<use>1</use>
<logicalDatatype>LOGDT025</logicalDatatype>
<dataTypeSize>10</dataTypeSize>
<ownDataTypeParameters>10,,</ownDataTypeParameters>
<autoIncrementCycle>false</autoIncrementCycle>
</Column>
<Column name="cert_for_children" id="26A92F93-6A67-76BA-75D0-61D86D14C201">
<createdBy>farhadullahrezwan</createdBy>
<createdTime>2019-04-30 14:42:11 UTC</createdTime>
<commentInRDBMS>cert_for_children: nurse certified for work with children</commentInRDBMS>
<generatorID>E74E0E94-F2DE-FC62-703E-37914798FCBE</generatorID>
<ownerDesignName>mh_logical_model</ownerDesignName>
<constraintName>cert_chk</constraintName>
<useDomainConstraints>false</useDomainConstraints>
<use>1</use>
<logicalDatatype>LOGDT025</logicalDatatype>
<dataTypeSize>3</dataTypeSize>
<listOfValues>
<valueDef value="No" description="if the nurse is not certified"/>
<valueDef value="Yes" description="if the nurse is certified"/>
</listOfValues>
<ownDataTypeParameters>3,,</ownDataTypeParameters>
<autoIncrementCycle>false</autoIncrementCycle>
</Column>
</columns>
<indexes itemClass="oracle.dbtools.crest.model.design.relational.Index">
<ind_PK_UK id="BAE8E8C8-A436-613E-EFC1-67157F400B99" name="NURSE_PK">
<createdBy>farhadullahrezwan</createdBy>
<createdTime>2019-04-30 14:42:11 UTC</createdTime>
<generatorID>C3638664-51F8-EB25-E476-0986FDE247E9</generatorID>
<ownerDesignName>mh_logical_model</ownerDesignName>
<pk>true</pk>
<indexState>Primary Constraint</indexState>
<isSurrogateKey>false</isSurrogateKey>
<indexColumnUsage>
<colUsage columnID="47C8CBE0-149A-B564-693A-EFA269ED3698"/>
</indexColumnUsage>
</ind_PK_UK>
</indexes>
</Table>