<?xml version = '1.0' encoding = 'UTF-8'?>
<Relation class="oracle.dbtools.crest.model.design.logical.Relation" name="doctor_pat_admission" directorySegmentName="seg_0" id="2CD08A30-1039-E89D-BCD8-7F58AD330EA3">
<createdBy>farhadullahrezwan</createdBy>
<createdTime>2019-04-29 14:07:16 UTC</createdTime>
<ownerDesignName>mh_logical_model</ownerDesignName>
<engineerTo>
<item key="FAF59E4B-45B9-0288-E8D5-08CDFE1B6F21" value="true"/>
</engineerTo>
<sourcePk>5CE899FA-7D04-6F64-2120-E33BDDBE281F</sourcePk>
<identifying>false</identifying>
<nameOnSource>supervises</nameOnSource>
<optionalSource>true</optionalSource>
<optionalTarget>false</optionalTarget>
<sourceCardinality>1</sourceCardinality>
<sourceEntity>80907D7C-6AC8-490C-3947-29DFEEA740F4</sourceEntity>
<targetCardinalityString>*</targetCardinalityString>
<targetEntity>D0D1E7EA-0F6F-FCC7-A618-23849F4BC0A0</targetEntity>
<transferable>true</transferable>
</Relation>