<?xml version = '1.0' encoding = 'UTF-8'?>
<Relation class="oracle.dbtools.crest.model.design.logical.Relation" name="procedure_pat_procedure" directorySegmentName="seg_0" id="3ECFB8FA-0295-D1DB-4A5B-741BE5BB7800">
<createdBy>farhadullahrezwan</createdBy>
<createdTime>2019-04-30 12:18:45 UTC</createdTime>
<ownerDesignName>mh_logical_model</ownerDesignName>
<engineerTo>
<item key="FAF59E4B-45B9-0288-E8D5-08CDFE1B6F21" value="true"/>
</engineerTo>
<sourcePk>113CA80B-287E-9013-A339-28B433534E3F</sourcePk>
<identifying>true</identifying>
<nameOnSource>requires</nameOnSource>
<optionalSource>true</optionalSource>
<optionalTarget>false</optionalTarget>
<sourceCardinality>1</sourceCardinality>
<sourceEntity>F2A1C804-5ABA-D766-8A5D-574053D354BA</sourceEntity>
<targetCardinalityString>*</targetCardinalityString>
<targetEntity>1B37467E-7324-891F-E987-26961995C226</targetEntity>
<transferable>true</transferable>
<deleteRule>NO ACTION</deleteRule>
</Relation>