<?xml version = '1.0' encoding = 'UTF-8'?>
<Relation class="oracle.dbtools.crest.model.design.logical.Relation" name="ward_w_assignment" directorySegmentName="seg_0" id="4A9EB173-1A13-9533-C4A2-EB2C2DA44620">
<createdBy>farhadullahrezwan</createdBy>
<createdTime>2019-04-29 14:45:50 UTC</createdTime>
<ownerDesignName>mh_logical_model</ownerDesignName>
<sourcePk>10CB909E-1146-94D1-3EAE-9DF7AB7F6631</sourcePk>
<identifying>false</identifying>
<nameOnSource>has</nameOnSource>
<optionalSource>false</optionalSource>
<optionalTarget>false</optionalTarget>
<sourceCardinality>1</sourceCardinality>
<sourceEntity>2D10046B-9C3A-D609-0A74-DEF3A115787D</sourceEntity>
<targetCardinalityString>*</targetCardinalityString>
<targetEntity>3448DECA-D272-6225-024F-A2AE9DDF7AFA</targetEntity>
<transferable>true</transferable>
</Relation>