<?xml version = '1.0' encoding = 'UTF-8'?>
<Relation class="oracle.dbtools.crest.model.design.logical.Relation" name="nurse_w_assignment" directorySegmentName="seg_0" id="5D69E3A4-D5FB-3D53-CB38-FCD866B5A7EC">
<createdBy>farhadullahrezwan</createdBy>
<createdTime>2019-04-29 14:46:51 UTC</createdTime>
<ownerDesignName>mh_logical_model</ownerDesignName>
<engineerTo>
<item key="205E3F70-B5CF-3A62-C1D7-18AFC393CBFE" value="true"/>
</engineerTo>
<sourcePk>C3638664-51F8-EB25-E476-0986FDE247E9</sourcePk>
<identifying>true</identifying>
<nameOnSource>allocates_for</nameOnSource>
<optionalSource>false</optionalSource>
<optionalTarget>false</optionalTarget>
<sourceCardinality>1</sourceCardinality>
<sourceEntity>499930D8-5880-ED47-0FFE-D5BEB2B391D4</sourceEntity>
<targetCardinalityString>*</targetCardinalityString>
<targetEntity>3448DECA-D272-6225-024F-A2AE9DDF7AFA</targetEntity>
<transferable>true</transferable>
</Relation>