<?xml version = '1.0' encoding = 'UTF-8'?>
<Relation class="oracle.dbtools.crest.model.design.logical.Relation" name="pat_procedure_pat_eitem" directorySegmentName="seg_0" id="8C267D1E-330F-C7D1-F6E1-0A75F2136DF5">
<createdBy>farhadullahrezwan</createdBy>
<createdTime>2019-04-29 13:42:38 UTC</createdTime>
<ownerDesignName>mh_logical_model</ownerDesignName>
<engineerTo>
<item key="FAF59E4B-45B9-0288-E8D5-08CDFE1B6F21" value="true"/>
</engineerTo>
<sourcePk>49692CA3-6C40-DE3C-75B3-A94E4BE03CDE</sourcePk>
<identifying>true</identifying>
<nameOnSource>requires</nameOnSource>
<optionalSource>true</optionalSource>
<optionalTarget>false</optionalTarget>
<sourceCardinality>1</sourceCardinality>
<sourceEntity>1B37467E-7324-891F-E987-26961995C226</sourceEntity>
<targetCardinalityString>*</targetCardinalityString>
<targetEntity>E770E45E-D6BF-C31A-EEDB-27A2A422C036</targetEntity>
<transferable>true</transferable>
</Relation>