<?xml version = '1.0' encoding = 'UTF-8'?>
<Relation class="oracle.dbtools.crest.model.design.logical.Relation" name="doctor_doc_spec" directorySegmentName="seg_0" id="90555FA4-46BE-F1F3-7AE4-B78787AE0FE1">
<createdBy>farhadullahrezwan</createdBy>
<createdTime>2019-04-29 13:58:44 UTC</createdTime>
<ownerDesignName>mh_logical_model</ownerDesignName>
<engineerTo>
<item key="FAF59E4B-45B9-0288-E8D5-08CDFE1B6F21" value="true"/>
</engineerTo>
<sourcePk>5CE899FA-7D04-6F64-2120-E33BDDBE281F</sourcePk>
<identifying>true</identifying>
<nameOnSource>has</nameOnSource>
<optionalSource>true</optionalSource>
<optionalTarget>false</optionalTarget>
<sourceCardinality>1</sourceCardinality>
<sourceEntity>80907D7C-6AC8-490C-3947-29DFEEA740F4</sourceEntity>
<targetCardinalityString>*</targetCardinalityString>
<targetEntity>BD3463AA-35C5-84C5-8CCF-6DBC9A0C86EB</targetEntity>
<transferable>true</transferable>
</Relation>