<?xml version = '1.0' encoding = 'UTF-8'?>
<Relation class="oracle.dbtools.crest.model.design.logical.Relation" name="pat_admission_pat_procedure" directorySegmentName="seg_0" id="C700E7B0-0441-07F8-566B-B8C79FA453A0">
<createdBy>farhadullahrezwan</createdBy>
<createdTime>2019-04-29 13:13:16 UTC</createdTime>
<ownerDesignName>mh_logical_model</ownerDesignName>
<engineerTo>
<item key="FAF59E4B-45B9-0288-E8D5-08CDFE1B6F21" value="true"/>
</engineerTo>
<sourcePk>17FB2FD9-AEFF-C7CD-E284-DFC95116A36F</sourcePk>
<identifying>true</identifying>
<nameOnSource>includes</nameOnSource>
<optionalSource>true</optionalSource>
<optionalTarget>false</optionalTarget>
<sourceCardinality>1</sourceCardinality>
<sourceEntity>D0D1E7EA-0F6F-FCC7-A618-23849F4BC0A0</sourceEntity>
<targetCardinalityString>*</targetCardinalityString>
<targetEntity>1B37467E-7324-891F-E987-26961995C226</targetEntity>
<transferable>true</transferable>
</Relation>