<?xml version = '1.0' encoding = 'UTF-8'?>
<Relation class="oracle.dbtools.crest.model.design.logical.Relation" name="bed_b_assignment" directorySegmentName="seg_0" id="D61E4573-8FEE-9B27-1402-84D4C35A2C50">
<createdBy>farhadullahrezwan</createdBy>
<createdTime>2019-04-29 14:40:35 UTC</createdTime>
<ownerDesignName>mh_logical_model</ownerDesignName>
<sourcePk>0FD568B4-1906-E733-FB35-9D3827E88FDA</sourcePk>
<identifying>true</identifying>
<nameOnSource>holds</nameOnSource>
<optionalSource>false</optionalSource>
<optionalTarget>false</optionalTarget>
<sourceCardinality>1</sourceCardinality>
<sourceEntity>1B06B0DD-D323-5B10-4AD7-BFF0ABDF5EA1</sourceEntity>
<targetCardinalityString>*</targetCardinalityString>
<targetEntity>4E665685-DA47-226B-F171-F6E10E581C5B</targetEntity>
<transferable>true</transferable>
</Relation>