<?xml version = '1.0' encoding = 'UTF-8'?>
<Entity class="oracle.dbtools.crest.model.design.logical.Entity" directorySegmentName="seg_0" id="1B37467E-7324-891F-E987-26961995C226" name="PAT_PROCEDURE">
<createdBy>farhadullahrezwan</createdBy>
<createdTime>2019-04-24 20:43:33 UTC</createdTime>
<ownerDesignName>mh_logical_model</ownerDesignName>
<engineerTo>
<item key="205E3F70-B5CF-3A62-C1D7-18AFC393CBFE" value="true"/>
</engineerTo>
<adequatelyNormalized>NO</adequatelyNormalized>
<expectedVolumes>0</expectedVolumes>
<fwdEngineeringStrategyName>Single Table</fwdEngineeringStrategyName>
<growthPercent>0</growthPercent>
<growthType>Year</growthType>
<maxVolumes>9999999</maxVolumes>
<minVolumes>0</minVolumes>
<normalForm>Third</normalForm>
<attributes itemClass="oracle.dbtools.crest.model.design.logical.Attribute">
<Attribute name="carried_out_on" id="BC91F747-807F-E32E-91E8-9AF1F7B11518">
<createdBy>farhadullahrezwan</createdBy>
<createdTime>2019-04-24 20:45:44 UTC</createdTime>
<commentInRDBMS>carried_out_on: procedure carried out on</commentInRDBMS>
<ownerDesignName>mh_logical_model</ownerDesignName>
<engineerTo>
<item key="205E3F70-B5CF-3A62-C1D7-18AFC393CBFE" value="true"/>
</engineerTo>
<useDomainConstraints>false</useDomainConstraints>
<use>1</use>
<logicalDatatype>LOGDT008</logicalDatatype>
<ownDataTypeParameters>,,</ownDataTypeParameters>
</Attribute>
<Attribute name="adm_number" id="D1C6B78A-FE86-952F-E7F3-B8E6ED8B26C3">
<createdBy>farhadullahrezwan</createdBy>
<createdTime>2019-04-29 13:13:16 UTC</createdTime>
<commentInRDBMS>adm_number: surrogate key added to entity</commentInRDBMS>
<generatorID>C700E7B0-0441-07F8-566B-B8C79FA453A0</generatorID>
<ownerDesignName>mh_logical_model</ownerDesignName>
<engineerTo>
<item key="205E3F70-B5CF-3A62-C1D7-18AFC393CBFE" value="true"/>
</engineerTo>
<referedAttribute>3432D424-A9B2-AEB9-2F72-852F8FECEE83</referedAttribute>
<useDomainConstraints>false</useDomainConstraints>
<use>1</use>
<logicalDatatype>LOGDT019</logicalDatatype>
<dataTypePrecision>6</dataTypePrecision>
<ownDataTypeParameters>,6,</ownDataTypeParameters>
</Attribute>
<Attribute name="procedure_charge" id="C8D1EB47-14FA-A211-DB6B-3EA7CEE181AC">
<createdBy>farhadullahrezwan</createdBy>
<createdTime>2019-04-24 20:52:18 UTC</createdTime>
<commentInRDBMS>procedure_charge: procedure charge to patient</commentInRDBMS>
<ownerDesignName>mh_logical_model</ownerDesignName>
<engineerTo>
<item key="205E3F70-B5CF-3A62-C1D7-18AFC393CBFE" value="true"/>
</engineerTo>
<constraintName>prochrg_chk</constraintName>
<nullsAllowed>true</nullsAllowed>
<useDomainConstraints>false</useDomainConstraints>
<use>1</use>
<logicalDatatype>LOGDT019</logicalDatatype>
<dataTypePrecision>7</dataTypePrecision>
<dataTypeScale>2</dataTypeScale>
<checkConstraint>
<implementationDef dbType="Oracle Database 11g" definition="procedure_charge &gt; 0"/>
</checkConstraint>
<ownDataTypeParameters>,7,2</ownDataTypeParameters>
</Attribute>
<Attribute name="totalextras_charges" id="AEC18B4B-2AAC-6704-FF48-6F5C8A4781DE">
<createdBy>farhadullahrezwan</createdBy>
<createdTime>2019-04-24 20:53:20 UTC</createdTime>
<commentInRDBMS>totalextras_charges: total extras charges to patient</commentInRDBMS>
<ownerDesignName>mh_logical_model</ownerDesignName>
<engineerTo>
<item key="205E3F70-B5CF-3A62-C1D7-18AFC393CBFE" value="true"/>
</engineerTo>
<constraintName>texcharge_chk</constraintName>
<nullsAllowed>true</nullsAllowed>
<useDomainConstraints>false</useDomainConstraints>
<use>1</use>
<logicalDatatype>LOGDT019</logicalDatatype>
<dataTypePrecision>7</dataTypePrecision>
<dataTypeScale>2</dataTypeScale>
<checkConstraint>
<implementationDef dbType="Oracle Database 11g" definition="totalextras_charges &gt; 0"/>
</checkConstraint>
<ownDataTypeParameters>,7,2</ownDataTypeParameters>
</Attribute>
<Attribute name="reqdoctor_id" id="2EF475C0-C906-1E2E-FE79-799079ACB67B">
<createdBy>farhadullahrezwan</createdBy>
<createdTime>2019-04-29 14:19:50 UTC</createdTime>
<commentInRDBMS>doctor_id: doctor id</commentInRDBMS>
<generatorID>8B984EC4-FA8A-5164-EB9F-B6A08A8F6BE0</generatorID>
<ownerDesignName>mh_logical_model</ownerDesignName>
<engineerTo>
<item key="205E3F70-B5CF-3A62-C1D7-18AFC393CBFE" value="true"/>
</engineerTo>
<nullsAllowed>true</nullsAllowed>
<referedAttribute>E4FE1F73-41C5-75F7-4296-DF68591F3E32</referedAttribute>
<useDomainConstraints>false</useDomainConstraints>
<use>1</use>
<logicalDatatype>LOGDT019</logicalDatatype>
<dataTypePrecision>4</dataTypePrecision>
<ownDataTypeParameters>,4,</ownDataTypeParameters>
</Attribute>
<Attribute name="doccarried_id" id="E7D2985C-EF2D-D5A2-A85A-DA325047CBBE">
<createdBy>farhadullahrezwan</createdBy>
<createdTime>2019-04-29 14:31:38 UTC</createdTime>
<commentInRDBMS>doctor_id: doctor id</commentInRDBMS>
<generatorID>EC2AC6AB-001A-9A9B-ABEC-CA11304E78D8</generatorID>
<ownerDesignName>mh_logical_model</ownerDesignName>
<engineerTo>
<item key="205E3F70-B5CF-3A62-C1D7-18AFC393CBFE" value="true"/>
</engineerTo>
<nullsAllowed>true</nullsAllowed>
<referedAttribute>E4FE1F73-41C5-75F7-4296-DF68591F3E32</referedAttribute>
<useDomainConstraints>false</useDomainConstraints>
<use>1</use>
<logicalDatatype>LOGDT019</logicalDatatype>
<dataTypePrecision>4</dataTypePrecision>
<ownDataTypeParameters>,4,</ownDataTypeParameters>
</Attribute>
<Attribute name="procedure_code" id="EC2A64D1-2AFD-B9D5-E70E-99529BDBF6E2">
<createdBy>farhadullahrezwan</createdBy>
<createdTime>2019-04-30 12:18:45 UTC</createdTime>
<commentInRDBMS>procedure_code: procedure code</commentInRDBMS>
<generatorID>3ECFB8FA-0295-D1DB-4A5B-741BE5BB7800</generatorID>
<ownerDesignName>mh_logical_model</ownerDesignName>
<engineerTo>
<item key="205E3F70-B5CF-3A62-C1D7-18AFC393CBFE" value="true"/>
</engineerTo>
<referedAttribute>30C9250E-CBF8-E8F6-34CE-A6B20A5EC6CF</referedAttribute>
<useDomainConstraints>false</useDomainConstraints>
<use>1</use>
<logicalDatatype>LOGDT019</logicalDatatype>
<dataTypePrecision>5</dataTypePrecision>
<ownDataTypeParameters>,5,</ownDataTypeParameters>
</Attribute>
</attributes>
<identifiers itemClass="oracle.dbtools.crest.model.design.logical.CandidateKey">
<identifier id="49692CA3-6C40-DE3C-75B3-A94E4BE03CDE" name="PATIENT_PROCEDURE PK">
<createdBy>farhadullahrezwan</createdBy>
<createdTime>2019-04-24 20:45:54 UTC</createdTime>
<ownerDesignName>mh_logical_model</ownerDesignName>
<shouldEngineer>false</shouldEngineer>
<engineerTo>
<item key="205E3F70-B5CF-3A62-C1D7-18AFC393CBFE" value="false"/>
</engineerTo>
<pk>true</pk>
<usedAttributes>
<attributeRef>D1C6B78A-FE86-952F-E7F3-B8E6ED8B26C3</attributeRef>
<attributeRef>BC91F747-807F-E32E-91E8-9AF1F7B11518</attributeRef>
</usedAttributes>
</identifier>
</identifiers>
</Entity>