<?xml version = '1.0' encoding = 'UTF-8'?>
<Entity class="oracle.dbtools.crest.model.design.logical.Entity" directorySegmentName="seg_0" id="2D10046B-9C3A-D609-0A74-DEF3A115787D" name="WARD">
<createdBy>farhadullahrezwan</createdBy>
<createdTime>2019-04-24 19:36:42 UTC</createdTime>
<ownerDesignName>mh_logical_model</ownerDesignName>
<engineerTo>
<item key="205E3F70-B5CF-3A62-C1D7-18AFC393CBFE" value="true"/>
</engineerTo>
<adequatelyNormalized>NO</adequatelyNormalized>
<expectedVolumes>0</expectedVolumes>
<fwdEngineeringStrategyName>Single Table</fwdEngineeringStrategyName>
<growthPercent>0</growthPercent>
<growthType>Year</growthType>
<maxVolumes>9999999</maxVolumes>
<minVolumes>0</minVolumes>
<normalForm>Third</normalForm>
<attributes itemClass="oracle.dbtools.crest.model.design.logical.Attribute">
<Attribute name="ward_code" id="B8CDC607-132F-40FE-21EA-447DF1CCD211">
<createdBy>farhadullahrezwan</createdBy>
<createdTime>2019-04-24 19:36:59 UTC</createdTime>
<commentInRDBMS>ward_code: ward code</commentInRDBMS>
<ownerDesignName>mh_logical_model</ownerDesignName>
<engineerTo>
<item key="205E3F70-B5CF-3A62-C1D7-18AFC393CBFE" value="true"/>
</engineerTo>
<useDomainConstraints>false</useDomainConstraints>
<use>1</use>
<logicalDatatype>LOGDT019</logicalDatatype>
<dataTypePrecision>3</dataTypePrecision>
<ownDataTypeParameters>,3,</ownDataTypeParameters>
</Attribute>
<Attribute name="ward_name" id="BBE86FD9-89C4-C731-0568-814A3D5CF858">
<createdBy>farhadullahrezwan</createdBy>
<createdTime>2019-04-24 19:38:24 UTC</createdTime>
<commentInRDBMS>ward_name: name of the ward</commentInRDBMS>
<ownerDesignName>mh_logical_model</ownerDesignName>
<engineerTo>
<item key="205E3F70-B5CF-3A62-C1D7-18AFC393CBFE" value="true"/>
</engineerTo>
<useDomainConstraints>false</useDomainConstraints>
<use>1</use>
<logicalDatatype>LOGDT024</logicalDatatype>
<dataTypeSize>50</dataTypeSize>
<ownDataTypeParameters>50,,</ownDataTypeParameters>
</Attribute>
<Attribute name="total_beds" id="39E7990D-BA48-1DC7-24A2-BF19448E2812">
<createdBy>farhadullahrezwan</createdBy>
<createdTime>2019-04-24 19:39:09 UTC</createdTime>
<commentInRDBMS>total_beds: total number of beds in each ward</commentInRDBMS>
<ownerDesignName>mh_logical_model</ownerDesignName>
<engineerTo>
<item key="205E3F70-B5CF-3A62-C1D7-18AFC393CBFE" value="true"/>
</engineerTo>
<useDomainConstraints>false</useDomainConstraints>
<use>1</use>
<logicalDatatype>LOGDT019</logicalDatatype>
<dataTypePrecision>3</dataTypePrecision>
<ownDataTypeParameters>,3,</ownDataTypeParameters>
</Attribute>
<Attribute name="beds_available" id="1FA6F492-D2A3-D9F7-1486-0765E280E000">
<createdBy>farhadullahrezwan</createdBy>
<createdTime>2019-04-24 19:40:43 UTC</createdTime>
<commentInRDBMS>beds_available: number of currently available beds</commentInRDBMS>
<ownerDesignName>mh_logical_model</ownerDesignName>
<engineerTo>
<item key="205E3F70-B5CF-3A62-C1D7-18AFC393CBFE" value="true"/>
</engineerTo>
<useDomainConstraints>false</useDomainConstraints>
<use>1</use>
<logicalDatatype>LOGDT019</logicalDatatype>
<dataTypePrecision>3</dataTypePrecision>
<ownDataTypeParameters>,3,</ownDataTypeParameters>
</Attribute>
</attributes>
<identifiers itemClass="oracle.dbtools.crest.model.design.logical.CandidateKey">
<identifier id="10CB909E-1146-94D1-3EAE-9DF7AB7F6631" name="WARD PK">
<createdBy>farhadullahrezwan</createdBy>
<createdTime>2019-04-24 19:37:43 UTC</createdTime>
<ownerDesignName>mh_logical_model</ownerDesignName>
<shouldEngineer>false</shouldEngineer>
<engineerTo>
<item key="205E3F70-B5CF-3A62-C1D7-18AFC393CBFE" value="false"/>
</engineerTo>
<pk>true</pk>
<usedAttributes>
<attributeRef>B8CDC607-132F-40FE-21EA-447DF1CCD211</attributeRef>
</usedAttributes>
</identifier>
</identifiers>
</Entity>