<?xml version = '1.0' encoding = 'UTF-8'?>
<Entity class="oracle.dbtools.crest.model.design.logical.Entity" directorySegmentName="seg_0" id="3D9B5AF8-3563-0AF9-2F74-8E9B26C4220D" name="COST_CENTRE">
<createdBy>farhadullahrezwan</createdBy>
<createdTime>2019-04-24 21:21:31 UTC</createdTime>
<ownerDesignName>mh_logical_model</ownerDesignName>
<engineerTo>
<item key="205E3F70-B5CF-3A62-C1D7-18AFC393CBFE" value="true"/>
</engineerTo>
<adequatelyNormalized>NO</adequatelyNormalized>
<expectedVolumes>0</expectedVolumes>
<fwdEngineeringStrategyName>Single Table</fwdEngineeringStrategyName>
<growthPercent>0</growthPercent>
<growthType>Year</growthType>
<maxVolumes>9999999</maxVolumes>
<minVolumes>0</minVolumes>
<normalForm>Third</normalForm>
<attributes itemClass="oracle.dbtools.crest.model.design.logical.Attribute">
<Attribute name="centre_code" id="FF163BE9-EC9C-40AF-C956-0CA19508C9D3">
<createdBy>farhadullahrezwan</createdBy>
<createdTime>2019-04-24 21:22:09 UTC</createdTime>
<commentInRDBMS>centre_code: cost centre code</commentInRDBMS>
<ownerDesignName>mh_logical_model</ownerDesignName>
<engineerTo>
<item key="205E3F70-B5CF-3A62-C1D7-18AFC393CBFE" value="true"/>
</engineerTo>
<useDomainConstraints>false</useDomainConstraints>
<use>1</use>
<logicalDatatype>LOGDT019</logicalDatatype>
<dataTypePrecision>5</dataTypePrecision>
<ownDataTypeParameters>,5,</ownDataTypeParameters>
</Attribute>
<Attribute name="centre_title" id="93C72470-D680-F1FB-0E99-22CC682FADF0">
<createdBy>farhadullahrezwan</createdBy>
<createdTime>2019-04-24 21:23:51 UTC</createdTime>
<commentInRDBMS>centre_title: cost centre title</commentInRDBMS>
<ownerDesignName>mh_logical_model</ownerDesignName>
<engineerTo>
<item key="205E3F70-B5CF-3A62-C1D7-18AFC393CBFE" value="true"/>
</engineerTo>
<useDomainConstraints>false</useDomainConstraints>
<use>1</use>
<logicalDatatype>LOGDT024</logicalDatatype>
<dataTypeSize>50</dataTypeSize>
<ownDataTypeParameters>50,,</ownDataTypeParameters>
</Attribute>
<Attribute name="manager_name" id="8EA11DA0-001D-78F0-191C-276A2F630F1C">
<createdBy>farhadullahrezwan</createdBy>
<createdTime>2019-04-24 21:24:47 UTC</createdTime>
<commentInRDBMS>manager_name: manager name</commentInRDBMS>
<ownerDesignName>mh_logical_model</ownerDesignName>
<engineerTo>
<item key="205E3F70-B5CF-3A62-C1D7-18AFC393CBFE" value="true"/>
</engineerTo>
<useDomainConstraints>false</useDomainConstraints>
<use>1</use>
<logicalDatatype>LOGDT024</logicalDatatype>
<dataTypeSize>50</dataTypeSize>
<ownDataTypeParameters>50,,</ownDataTypeParameters>
</Attribute>
</attributes>
<identifiers itemClass="oracle.dbtools.crest.model.design.logical.CandidateKey">
<identifier id="85FE6E91-0859-6C8D-74EF-8FD3E3D1679F" name="COST CENTRE PK">
<createdBy>farhadullahrezwan</createdBy>
<createdTime>2019-04-24 21:23:22 UTC</createdTime>
<ownerDesignName>mh_logical_model</ownerDesignName>
<shouldEngineer>false</shouldEngineer>
<engineerTo>
<item key="205E3F70-B5CF-3A62-C1D7-18AFC393CBFE" value="false"/>
</engineerTo>
<pk>true</pk>
<usedAttributes>
<attributeRef>FF163BE9-EC9C-40AF-C956-0CA19508C9D3</attributeRef>
</usedAttributes>
</identifier>
</identifiers>
</Entity>