<?xml version = '1.0' encoding = 'UTF-8'?>
<Entity class="oracle.dbtools.crest.model.design.logical.Entity" directorySegmentName="seg_0" id="499930D8-5880-ED47-0FFE-D5BEB2B391D4" name="NURSE">
<createdBy>farhadullahrezwan</createdBy>
<createdTime>2019-04-24 19:24:48 UTC</createdTime>
<ownerDesignName>mh_logical_model</ownerDesignName>
<engineerTo>
<item key="205E3F70-B5CF-3A62-C1D7-18AFC393CBFE" value="true"/>
</engineerTo>
<adequatelyNormalized>NO</adequatelyNormalized>
<expectedVolumes>0</expectedVolumes>
<fwdEngineeringStrategyName>Single Table</fwdEngineeringStrategyName>
<growthPercent>0</growthPercent>
<growthType>Year</growthType>
<maxVolumes>9999999</maxVolumes>
<minVolumes>0</minVolumes>
<normalForm>Third</normalForm>
<attributes itemClass="oracle.dbtools.crest.model.design.logical.Attribute">
<Attribute name="nurse_id" id="E4982A37-1AE2-738C-4A16-AEA2D376614A">
<createdBy>farhadullahrezwan</createdBy>
<createdTime>2019-04-24 19:26:09 UTC</createdTime>
<commentInRDBMS>nurse_id: unique nurse id</commentInRDBMS>
<ownerDesignName>mh_logical_model</ownerDesignName>
<engineerTo>
<item key="205E3F70-B5CF-3A62-C1D7-18AFC393CBFE" value="true"/>
</engineerTo>
<useDomainConstraints>false</useDomainConstraints>
<use>1</use>
<logicalDatatype>LOGDT019</logicalDatatype>
<dataTypePrecision>4</dataTypePrecision>
<ownDataTypeParameters>,4,</ownDataTypeParameters>
</Attribute>
<Attribute name="nurse_fname" id="0C9704CF-5DD8-D641-17F3-C6B4C52D0249">
<createdBy>farhadullahrezwan</createdBy>
<createdTime>2019-04-24 19:27:27 UTC</createdTime>
<commentInRDBMS>nurse_fname: nurse first name</commentInRDBMS>
<ownerDesignName>mh_logical_model</ownerDesignName>
<engineerTo>
<item key="205E3F70-B5CF-3A62-C1D7-18AFC393CBFE" value="true"/>
</engineerTo>
<useDomainConstraints>false</useDomainConstraints>
<use>1</use>
<logicalDatatype>LOGDT024</logicalDatatype>
<dataTypeSize>50</dataTypeSize>
<ownDataTypeParameters>50,,</ownDataTypeParameters>
</Attribute>
<Attribute name="nurse_lname" id="ECBE461C-DA6A-7280-CE02-B801DB3D52BD">
<createdBy>farhadullahrezwan</createdBy>
<createdTime>2019-04-24 19:27:49 UTC</createdTime>
<commentInRDBMS>nurse_lname: nurse last name</commentInRDBMS>
<ownerDesignName>mh_logical_model</ownerDesignName>
<engineerTo>
<item key="205E3F70-B5CF-3A62-C1D7-18AFC393CBFE" value="true"/>
</engineerTo>
<useDomainConstraints>false</useDomainConstraints>
<use>1</use>
<logicalDatatype>LOGDT024</logicalDatatype>
<dataTypeSize>50</dataTypeSize>
<ownDataTypeParameters>50,,</ownDataTypeParameters>
</Attribute>
<Attribute name="nurse_phone" id="C35CCE7E-E13C-7A6D-C3D8-D159C1BBA093">
<createdBy>farhadullahrezwan</createdBy>
<createdTime>2019-04-24 19:28:39 UTC</createdTime>
<commentInRDBMS>nurse_phone: nurse contact phone number</commentInRDBMS>
<ownerDesignName>mh_logical_model</ownerDesignName>
<engineerTo>
<item key="205E3F70-B5CF-3A62-C1D7-18AFC393CBFE" value="true"/>
</engineerTo>
<useDomainConstraints>false</useDomainConstraints>
<use>1</use>
<logicalDatatype>LOGDT025</logicalDatatype>
<dataTypeSize>10</dataTypeSize>
<ownDataTypeParameters>10,,</ownDataTypeParameters>
</Attribute>
<Attribute name="cert_for_children" id="E74E0E94-F2DE-FC62-703E-37914798FCBE">
<createdBy>farhadullahrezwan</createdBy>
<createdTime>2019-04-24 19:30:39 UTC</createdTime>
<commentInRDBMS>cert_for_children: nurse certified for work with children</commentInRDBMS>
<ownerDesignName>mh_logical_model</ownerDesignName>
<engineerTo>
<item key="205E3F70-B5CF-3A62-C1D7-18AFC393CBFE" value="true"/>
</engineerTo>
<constraintName>cert_chk</constraintName>
<useDomainConstraints>false</useDomainConstraints>
<use>1</use>
<logicalDatatype>LOGDT025</logicalDatatype>
<dataTypeSize>3</dataTypeSize>
<listOfValues>
<valueDef value="No" description="if the nurse is not certified"/>
<valueDef value="Yes" description="if the nurse is certified"/>
</listOfValues>
<ownDataTypeParameters>3,,</ownDataTypeParameters>
</Attribute>
</attributes>
<identifiers itemClass="oracle.dbtools.crest.model.design.logical.CandidateKey">
<identifier id="C3638664-51F8-EB25-E476-0986FDE247E9" name="NURSE PK">
<createdBy>farhadullahrezwan</createdBy>
<createdTime>2019-04-24 19:26:44 UTC</createdTime>
<ownerDesignName>mh_logical_model</ownerDesignName>
<shouldEngineer>false</shouldEngineer>
<engineerTo>
<item key="205E3F70-B5CF-3A62-C1D7-18AFC393CBFE" value="false"/>
</engineerTo>
<pk>true</pk>
<usedAttributes>
<attributeRef>E4982A37-1AE2-738C-4A16-AEA2D376614A</attributeRef>
</usedAttributes>
</identifier>
</identifiers>
</Entity>