<?xml version = '1.0' encoding = 'UTF-8'?>
<Entity class="oracle.dbtools.crest.model.design.logical.Entity" directorySegmentName="seg_0" id="4E665685-DA47-226B-F171-F6E10E581C5B" name="B_ASSIGNMENT">
<createdBy>farhadullahrezwan</createdBy>
<createdTime>2019-04-24 20:35:07 UTC</createdTime>
<ownerDesignName>mh_logical_model</ownerDesignName>
<engineerTo>
<item key="205E3F70-B5CF-3A62-C1D7-18AFC393CBFE" value="true"/>
</engineerTo>
<adequatelyNormalized>NO</adequatelyNormalized>
<expectedVolumes>0</expectedVolumes>
<fwdEngineeringStrategyName>Single Table</fwdEngineeringStrategyName>
<growthPercent>0</growthPercent>
<growthType>Year</growthType>
<maxVolumes>9999999</maxVolumes>
<minVolumes>0</minVolumes>
<normalForm>Third</normalForm>
<attributes itemClass="oracle.dbtools.crest.model.design.logical.Attribute">
<Attribute name="adm_number" id="0E1FCE4A-2177-87CE-E75B-321A1A941E94">
<createdBy>farhadullahrezwan</createdBy>
<createdTime>2019-04-29 14:38:02 UTC</createdTime>
<commentInRDBMS>adm_number: surrogate key added to entity</commentInRDBMS>
<generatorID>75D5BCC4-DA47-15C9-0B0E-FC4B13701B96</generatorID>
<ownerDesignName>mh_logical_model</ownerDesignName>
<engineerTo>
<item key="205E3F70-B5CF-3A62-C1D7-18AFC393CBFE" value="true"/>
</engineerTo>
<referedAttribute>3432D424-A9B2-AEB9-2F72-852F8FECEE83</referedAttribute>
<useDomainConstraints>false</useDomainConstraints>
<use>1</use>
<logicalDatatype>LOGDT019</logicalDatatype>
<dataTypePrecision>6</dataTypePrecision>
<ownDataTypeParameters>,6,</ownDataTypeParameters>
</Attribute>
<Attribute name="bed_number" id="59D1A78F-38B3-DDB0-97DA-D89E8F677A9D">
<createdBy>farhadullahrezwan</createdBy>
<createdTime>2019-04-29 14:40:35 UTC</createdTime>
<commentInRDBMS>bed_number: bed number within a particular ward</commentInRDBMS>
<generatorID>D61E4573-8FEE-9B27-1402-84D4C35A2C50</generatorID>
<ownerDesignName>mh_logical_model</ownerDesignName>
<engineerTo>
<item key="205E3F70-B5CF-3A62-C1D7-18AFC393CBFE" value="true"/>
</engineerTo>
<referedAttribute>38032291-C86A-22E2-72DA-482EC2217417</referedAttribute>
<useDomainConstraints>false</useDomainConstraints>
<use>1</use>
<logicalDatatype>LOGDT019</logicalDatatype>
<dataTypePrecision>3</dataTypePrecision>
<ownDataTypeParameters>,3,</ownDataTypeParameters>
</Attribute>
<Attribute name="ward_code" id="E48832B2-BF06-B831-5936-4DC8CB618092">
<createdBy>farhadullahrezwan</createdBy>
<createdTime>2019-04-29 14:44:44 UTC</createdTime>
<commentInRDBMS>ward_code: ward code</commentInRDBMS>
<generatorID>D61E4573-8FEE-9B27-1402-84D4C35A2C50</generatorID>
<ownerDesignName>mh_logical_model</ownerDesignName>
<engineerTo>
<item key="205E3F70-B5CF-3A62-C1D7-18AFC393CBFE" value="true"/>
</engineerTo>
<referedAttribute>2AD3444B-E817-60B1-CF67-A19EF33E1703</referedAttribute>
<useDomainConstraints>false</useDomainConstraints>
<use>1</use>
<logicalDatatype>LOGDT019</logicalDatatype>
<dataTypePrecision>3</dataTypePrecision>
<ownDataTypeParameters>,3,</ownDataTypeParameters>
</Attribute>
</attributes>
<identifiers itemClass="oracle.dbtools.crest.model.design.logical.CandidateKey">
<identifier id="305D8F78-D954-D48C-5258-60A7649254A7" name="BEDASSIGNMENT PK">
<createdBy>farhadullahrezwan</createdBy>
<createdTime>2019-04-24 20:36:27 UTC</createdTime>
<ownerDesignName>mh_logical_model</ownerDesignName>
<shouldEngineer>false</shouldEngineer>
<engineerTo>
<item key="205E3F70-B5CF-3A62-C1D7-18AFC393CBFE" value="false"/>
</engineerTo>
<pk>true</pk>
<usedAttributes>
<attributeRef>0E1FCE4A-2177-87CE-E75B-321A1A941E94</attributeRef>
<attributeRef>59D1A78F-38B3-DDB0-97DA-D89E8F677A9D</attributeRef>
<attributeRef>E48832B2-BF06-B831-5936-4DC8CB618092</attributeRef>
</usedAttributes>
</identifier>
</identifiers>
</Entity>