<?xml version = '1.0' encoding = 'UTF-8'?>
<Entity class="oracle.dbtools.crest.model.design.logical.Entity" directorySegmentName="seg_0" id="80907D7C-6AC8-490C-3947-29DFEEA740F4" name="DOCTOR">
<createdBy>farhadullahrezwan</createdBy>
<createdTime>2019-04-24 18:37:20 UTC</createdTime>
<ownerDesignName>mh_logical_model</ownerDesignName>
<engineerTo>
<item key="205E3F70-B5CF-3A62-C1D7-18AFC393CBFE" value="true"/>
</engineerTo>
<adequatelyNormalized>NO</adequatelyNormalized>
<expectedVolumes>0</expectedVolumes>
<fwdEngineeringStrategyName>Single Table</fwdEngineeringStrategyName>
<growthPercent>0</growthPercent>
<growthType>Year</growthType>
<maxVolumes>9999999</maxVolumes>
<minVolumes>0</minVolumes>
<normalForm>Third</normalForm>
<attributes itemClass="oracle.dbtools.crest.model.design.logical.Attribute">
<Attribute name="doctor_id" id="E4FE1F73-41C5-75F7-4296-DF68591F3E32">
<createdBy>farhadullahrezwan</createdBy>
<createdTime>2019-04-24 18:37:47 UTC</createdTime>
<commentInRDBMS>doctor_id: doctor id</commentInRDBMS>
<ownerDesignName>mh_logical_model</ownerDesignName>
<engineerTo>
<item key="205E3F70-B5CF-3A62-C1D7-18AFC393CBFE" value="true"/>
</engineerTo>
<useDomainConstraints>false</useDomainConstraints>
<use>1</use>
<logicalDatatype>LOGDT019</logicalDatatype>
<dataTypePrecision>4</dataTypePrecision>
<ownDataTypeParameters>,4,</ownDataTypeParameters>
</Attribute>
<Attribute name="doctor_fname" id="6AA71F86-B783-8821-D68E-B80B5159A792">
<createdBy>farhadullahrezwan</createdBy>
<createdTime>2019-04-24 18:39:07 UTC</createdTime>
<commentInRDBMS>doctor_fname: doctor first name</commentInRDBMS>
<ownerDesignName>mh_logical_model</ownerDesignName>
<engineerTo>
<item key="205E3F70-B5CF-3A62-C1D7-18AFC393CBFE" value="true"/>
</engineerTo>
<useDomainConstraints>false</useDomainConstraints>
<use>1</use>
<logicalDatatype>LOGDT024</logicalDatatype>
<dataTypeSize>50</dataTypeSize>
<ownDataTypeParameters>50,,</ownDataTypeParameters>
</Attribute>
<Attribute name="doctor_lname" id="51B01AAE-C1AB-C1FC-88D0-AB99A1F79955">
<createdBy>farhadullahrezwan</createdBy>
<createdTime>2019-04-24 18:39:37 UTC</createdTime>
<commentInRDBMS>doctor_lname: doctor last name</commentInRDBMS>
<ownerDesignName>mh_logical_model</ownerDesignName>
<engineerTo>
<item key="205E3F70-B5CF-3A62-C1D7-18AFC393CBFE" value="true"/>
</engineerTo>
<useDomainConstraints>false</useDomainConstraints>
<use>1</use>
<logicalDatatype>LOGDT024</logicalDatatype>
<dataTypeSize>50</dataTypeSize>
<ownDataTypeParameters>50,,</ownDataTypeParameters>
</Attribute>
<Attribute name="doctor_phone" id="08B5FBBC-2B09-FA93-F0F7-38F5FAFB8695">
<createdBy>farhadullahrezwan</createdBy>
<createdTime>2019-04-24 18:40:33 UTC</createdTime>
<commentInRDBMS>doctor_phone: doctor phone number</commentInRDBMS>
<ownerDesignName>mh_logical_model</ownerDesignName>
<engineerTo>
<item key="205E3F70-B5CF-3A62-C1D7-18AFC393CBFE" value="true"/>
</engineerTo>
<useDomainConstraints>false</useDomainConstraints>
<use>1</use>
<logicalDatatype>LOGDT025</logicalDatatype>
<dataTypeSize>10</dataTypeSize>
<ownDataTypeParameters>10,,</ownDataTypeParameters>
</Attribute>
</attributes>
<identifiers itemClass="oracle.dbtools.crest.model.design.logical.CandidateKey">
<identifier id="5CE899FA-7D04-6F64-2120-E33BDDBE281F" name="DOCTOR PK">
<createdBy>farhadullahrezwan</createdBy>
<createdTime>2019-04-24 18:38:27 UTC</createdTime>
<ownerDesignName>mh_logical_model</ownerDesignName>
<shouldEngineer>false</shouldEngineer>
<engineerTo>
<item key="205E3F70-B5CF-3A62-C1D7-18AFC393CBFE" value="false"/>
</engineerTo>
<pk>true</pk>
<usedAttributes>
<attributeRef>E4FE1F73-41C5-75F7-4296-DF68591F3E32</attributeRef>
</usedAttributes>
</identifier>
</identifiers>
</Entity>