<?xml version = '1.0' encoding = 'UTF-8'?>
<Entity class="oracle.dbtools.crest.model.design.logical.Entity" directorySegmentName="seg_0" id="9341A1FF-A067-F1C0-32BB-6DDBC90FC383" name="SPECIALISATION">
<createdBy>farhadullahrezwan</createdBy>
<createdTime>2019-04-24 19:02:15 UTC</createdTime>
<ownerDesignName>mh_logical_model</ownerDesignName>
<engineerTo>
<item key="205E3F70-B5CF-3A62-C1D7-18AFC393CBFE" value="true"/>
</engineerTo>
<adequatelyNormalized>NO</adequatelyNormalized>
<expectedVolumes>0</expectedVolumes>
<fwdEngineeringStrategyName>Single Table</fwdEngineeringStrategyName>
<growthPercent>0</growthPercent>
<growthType>Year</growthType>
<maxVolumes>9999999</maxVolumes>
<minVolumes>0</minVolumes>
<normalForm>Third</normalForm>
<attributes itemClass="oracle.dbtools.crest.model.design.logical.Attribute">
<Attribute name="specialisation_id" id="809F5F80-C855-8CF3-1F51-74DEA878BDDD">
<createdBy>farhadullahrezwan</createdBy>
<createdTime>2019-04-24 19:19:16 UTC</createdTime>
<commentInRDBMS>specialisation_id: doctor specialisation id</commentInRDBMS>
<ownerDesignName>mh_logical_model</ownerDesignName>
<engineerTo>
<item key="205E3F70-B5CF-3A62-C1D7-18AFC393CBFE" value="true"/>
</engineerTo>
<useDomainConstraints>false</useDomainConstraints>
<use>1</use>
<logicalDatatype>LOGDT019</logicalDatatype>
<dataTypePrecision>3</dataTypePrecision>
<ownDataTypeParameters>,3,</ownDataTypeParameters>
</Attribute>
<Attribute name="specialisation_name" id="8F0F7349-86F9-E4FC-07B3-3ADF9469BE57">
<createdBy>farhadullahrezwan</createdBy>
<createdTime>2019-04-24 19:20:20 UTC</createdTime>
<commentInRDBMS>specialisation_name: doctor&apos;s specialisation name</commentInRDBMS>
<ownerDesignName>mh_logical_model</ownerDesignName>
<engineerTo>
<item key="205E3F70-B5CF-3A62-C1D7-18AFC393CBFE" value="true"/>
</engineerTo>
<useDomainConstraints>false</useDomainConstraints>
<use>1</use>
<logicalDatatype>LOGDT025</logicalDatatype>
<dataTypeSize>50</dataTypeSize>
<ownDataTypeParameters>50,,</ownDataTypeParameters>
</Attribute>
</attributes>
<identifiers itemClass="oracle.dbtools.crest.model.design.logical.CandidateKey">
<identifier id="757C9BD6-371D-A0EA-CF78-C9F04EF750F0" name="SPECIALISATION PK">
<createdBy>farhadullahrezwan</createdBy>
<createdTime>2019-04-24 19:20:02 UTC</createdTime>
<ownerDesignName>mh_logical_model</ownerDesignName>
<shouldEngineer>false</shouldEngineer>
<engineerTo>
<item key="205E3F70-B5CF-3A62-C1D7-18AFC393CBFE" value="false"/>
</engineerTo>
<pk>true</pk>
<usedAttributes>
<attributeRef>809F5F80-C855-8CF3-1F51-74DEA878BDDD</attributeRef>
</usedAttributes>
</identifier>
<identifier id="C88D480C-93D0-4580-4F70-A19F1A048C55" name="SPECIALISATION_NK">
<createdBy>farhadullahrezwan</createdBy>
<createdTime>2019-04-29 13:55:54 UTC</createdTime>
<ownerDesignName>mh_logical_model</ownerDesignName>
<shouldEngineer>false</shouldEngineer>
<engineerTo>
<item key="205E3F70-B5CF-3A62-C1D7-18AFC393CBFE" value="false"/>
</engineerTo>
<newElementsIDs>8F0F7349-86F9-E4FC-07B3-3ADF9469BE57</newElementsIDs>
<usedAttributes>
<attributeRef>8F0F7349-86F9-E4FC-07B3-3ADF9469BE57</attributeRef>
</usedAttributes>
</identifier>
</identifiers>
</Entity>