<?xml version = '1.0' encoding = 'UTF-8'?>
<Entity class="oracle.dbtools.crest.model.design.logical.Entity" directorySegmentName="seg_0" id="A8B8D68D-638B-D21F-BECB-7ACCAFAE4744" name="PATIENT">
<createdBy>farhadullahrezwan</createdBy>
<createdTime>2019-04-24 18:26:18 UTC</createdTime>
<ownerDesignName>mh_logical_model</ownerDesignName>
<engineerTo>
<item key="205E3F70-B5CF-3A62-C1D7-18AFC393CBFE" value="true"/>
</engineerTo>
<adequatelyNormalized>NO</adequatelyNormalized>
<expectedVolumes>0</expectedVolumes>
<fwdEngineeringStrategyName>Single Table</fwdEngineeringStrategyName>
<growthPercent>0</growthPercent>
<growthType>Year</growthType>
<maxVolumes>9999999</maxVolumes>
<minVolumes>0</minVolumes>
<normalForm>Third</normalForm>
<attributes itemClass="oracle.dbtools.crest.model.design.logical.Attribute">
<Attribute name="patient_id" id="D092ED9C-2EF6-802F-4FA1-9EE5222347A0">
<createdBy>farhadullahrezwan</createdBy>
<createdTime>2019-04-24 18:26:34 UTC</createdTime>
<commentInRDBMS>patient_id: unique patient id</commentInRDBMS>
<ownerDesignName>mh_logical_model</ownerDesignName>
<engineerTo>
<item key="205E3F70-B5CF-3A62-C1D7-18AFC393CBFE" value="true"/>
</engineerTo>
<useDomainConstraints>false</useDomainConstraints>
<use>1</use>
<logicalDatatype>LOGDT019</logicalDatatype>
<dataTypePrecision>6</dataTypePrecision>
<ownDataTypeParameters>,6,</ownDataTypeParameters>
</Attribute>
<Attribute name="patient_fname" id="8A9E7BA4-3D1C-AF73-1EE0-6A3B34B11F55">
<createdBy>farhadullahrezwan</createdBy>
<createdTime>2019-04-24 18:29:21 UTC</createdTime>
<commentInRDBMS>patient_fname: patient first name</commentInRDBMS>
<ownerDesignName>mh_logical_model</ownerDesignName>
<engineerTo>
<item key="205E3F70-B5CF-3A62-C1D7-18AFC393CBFE" value="true"/>
</engineerTo>
<useDomainConstraints>false</useDomainConstraints>
<use>1</use>
<logicalDatatype>LOGDT024</logicalDatatype>
<dataTypeSize>50</dataTypeSize>
<ownDataTypeParameters>50,,</ownDataTypeParameters>
</Attribute>
<Attribute name="patient_lname" id="7421E8A2-D1B3-4697-2402-BCC079F07623">
<createdBy>farhadullahrezwan</createdBy>
<createdTime>2019-04-24 18:31:06 UTC</createdTime>
<commentInRDBMS>patient_lname: patient last name</commentInRDBMS>
<ownerDesignName>mh_logical_model</ownerDesignName>
<engineerTo>
<item key="205E3F70-B5CF-3A62-C1D7-18AFC393CBFE" value="true"/>
</engineerTo>
<useDomainConstraints>false</useDomainConstraints>
<use>1</use>
<logicalDatatype>LOGDT024</logicalDatatype>
<dataTypeSize>50</dataTypeSize>
<ownDataTypeParameters>50,,</ownDataTypeParameters>
</Attribute>
<Attribute name="patient_address" id="CBBEE3F5-763F-3E1B-F9FB-E475FE6B3BAB">
<createdBy>farhadullahrezwan</createdBy>
<createdTime>2019-04-24 18:31:47 UTC</createdTime>
<commentInRDBMS>patient_address: patient address</commentInRDBMS>
<ownerDesignName>mh_logical_model</ownerDesignName>
<engineerTo>
<item key="205E3F70-B5CF-3A62-C1D7-18AFC393CBFE" value="true"/>
</engineerTo>
<useDomainConstraints>false</useDomainConstraints>
<use>1</use>
<logicalDatatype>LOGDT024</logicalDatatype>
<dataTypeSize>50</dataTypeSize>
<ownDataTypeParameters>50,,</ownDataTypeParameters>
</Attribute>
<Attribute name="patient_dob" id="703D7C6C-8308-0121-E01F-DD18D4275973">
<createdBy>farhadullahrezwan</createdBy>
<createdTime>2019-04-24 18:33:00 UTC</createdTime>
<commentInRDBMS>patient_dob: patient date of birth</commentInRDBMS>
<ownerDesignName>mh_logical_model</ownerDesignName>
<engineerTo>
<item key="205E3F70-B5CF-3A62-C1D7-18AFC393CBFE" value="true"/>
</engineerTo>
<useDomainConstraints>false</useDomainConstraints>
<use>1</use>
<logicalDatatype>LOGDT007</logicalDatatype>
<ownDataTypeParameters>,,</ownDataTypeParameters>
</Attribute>
<Attribute name="patient_enumber" id="EBFF5FB5-A887-4597-0E3F-002BF55E69CC">
<createdBy>farhadullahrezwan</createdBy>
<createdTime>2019-04-24 18:33:42 UTC</createdTime>
<commentInRDBMS>patient_enumber: patient emergency contact number</commentInRDBMS>
<ownerDesignName>mh_logical_model</ownerDesignName>
<engineerTo>
<item key="205E3F70-B5CF-3A62-C1D7-18AFC393CBFE" value="true"/>
</engineerTo>
<useDomainConstraints>false</useDomainConstraints>
<use>1</use>
<logicalDatatype>LOGDT025</logicalDatatype>
<dataTypeSize>10</dataTypeSize>
<ownDataTypeParameters>10,,</ownDataTypeParameters>
</Attribute>
</attributes>
<identifiers itemClass="oracle.dbtools.crest.model.design.logical.CandidateKey">
<identifier id="E5602E10-5973-B987-ED48-A78FDC900485" name="PATIENT PK">
<createdBy>farhadullahrezwan</createdBy>
<createdTime>2019-04-24 18:28:28 UTC</createdTime>
<ownerDesignName>mh_logical_model</ownerDesignName>
<shouldEngineer>false</shouldEngineer>
<engineerTo>
<item key="205E3F70-B5CF-3A62-C1D7-18AFC393CBFE" value="false"/>
</engineerTo>
<pk>true</pk>
<usedAttributes>
<attributeRef>D092ED9C-2EF6-802F-4FA1-9EE5222347A0</attributeRef>
</usedAttributes>
</identifier>
</identifiers>
</Entity>