<?xml version = '1.0' encoding = 'UTF-8'?>
<Entity class="oracle.dbtools.crest.model.design.logical.Entity" directorySegmentName="seg_0" id="BD3463AA-35C5-84C5-8CCF-6DBC9A0C86EB" name="DOC_SPEC">
<createdBy>farhadullahrezwan</createdBy>
<createdTime>2019-04-29 13:58:19 UTC</createdTime>
<ownerDesignName>mh_logical_model</ownerDesignName>
<engineerTo>
<item key="205E3F70-B5CF-3A62-C1D7-18AFC393CBFE" value="true"/>
</engineerTo>
<adequatelyNormalized>NO</adequatelyNormalized>
<expectedVolumes>0</expectedVolumes>
<fwdEngineeringStrategyName>Single Table</fwdEngineeringStrategyName>
<growthPercent>0</growthPercent>
<growthType>Year</growthType>
<maxVolumes>9999999</maxVolumes>
<minVolumes>0</minVolumes>
<normalForm>Third</normalForm>
<attributes itemClass="oracle.dbtools.crest.model.design.logical.Attribute">
<Attribute name="doctor_id" id="BE533575-5F10-EFBB-BB45-3E3FE9575890">
<createdBy>farhadullahrezwan</createdBy>
<createdTime>2019-04-29 13:58:44 UTC</createdTime>
<commentInRDBMS>doctor_id: doctor id</commentInRDBMS>
<generatorID>90555FA4-46BE-F1F3-7AE4-B78787AE0FE1</generatorID>
<ownerDesignName>mh_logical_model</ownerDesignName>
<engineerTo>
<item key="205E3F70-B5CF-3A62-C1D7-18AFC393CBFE" value="true"/>
</engineerTo>
<referedAttribute>E4FE1F73-41C5-75F7-4296-DF68591F3E32</referedAttribute>
<useDomainConstraints>false</useDomainConstraints>
<use>1</use>
<logicalDatatype>LOGDT019</logicalDatatype>
<dataTypePrecision>4</dataTypePrecision>
<ownDataTypeParameters>,4,</ownDataTypeParameters>
</Attribute>
<Attribute name="specialisation_id" id="614C1745-F53E-5597-1532-C7A710B39AD1">
<createdBy>farhadullahrezwan</createdBy>
<createdTime>2019-04-29 14:02:07 UTC</createdTime>
<commentInRDBMS>specialisation_id: doctor specialisation id</commentInRDBMS>
<generatorID>ECC41746-2BA6-5C03-E5D8-FCAF299BA750</generatorID>
<ownerDesignName>mh_logical_model</ownerDesignName>
<engineerTo>
<item key="205E3F70-B5CF-3A62-C1D7-18AFC393CBFE" value="true"/>
</engineerTo>
<referedAttribute>809F5F80-C855-8CF3-1F51-74DEA878BDDD</referedAttribute>
<useDomainConstraints>false</useDomainConstraints>
<use>1</use>
<logicalDatatype>LOGDT019</logicalDatatype>
<dataTypePrecision>3</dataTypePrecision>
<ownDataTypeParameters>,3,</ownDataTypeParameters>
</Attribute>
</attributes>
<identifiers itemClass="oracle.dbtools.crest.model.design.logical.CandidateKey">
<identifier id="8ECEBACF-74E9-0B4E-DC01-55879413D84C" name="DOC-SPEC PK">
<createdBy>farhadullahrezwan</createdBy>
<createdTime>2019-04-29 13:58:44 UTC</createdTime>
<ownerDesignName>mh_logical_model</ownerDesignName>
<shouldEngineer>false</shouldEngineer>
<engineerTo>
<item key="205E3F70-B5CF-3A62-C1D7-18AFC393CBFE" value="false"/>
</engineerTo>
<pk>true</pk>
<usedAttributes>
<attributeRef>BE533575-5F10-EFBB-BB45-3E3FE9575890</attributeRef>
<attributeRef>614C1745-F53E-5597-1532-C7A710B39AD1</attributeRef>
</usedAttributes>
</identifier>
</identifiers>
</Entity>