<?xml version = '1.0' encoding = 'UTF-8'?>
<Entity class="oracle.dbtools.crest.model.design.logical.Entity" directorySegmentName="seg_0" id="D0D1E7EA-0F6F-FCC7-A618-23849F4BC0A0" name="PAT_ADMISSION">
<createdBy>farhadullahrezwan</createdBy>
<createdTime>2019-04-24 18:41:42 UTC</createdTime>
<ownerDesignName>mh_logical_model</ownerDesignName>
<engineerTo>
<item key="205E3F70-B5CF-3A62-C1D7-18AFC393CBFE" value="true"/>
</engineerTo>
<adequatelyNormalized>NO</adequatelyNormalized>
<expectedVolumes>0</expectedVolumes>
<fwdEngineeringStrategyName>Single Table</fwdEngineeringStrategyName>
<growthPercent>0</growthPercent>
<growthType>Year</growthType>
<maxVolumes>9999999</maxVolumes>
<minVolumes>0</minVolumes>
<normalForm>Third</normalForm>
<attributes itemClass="oracle.dbtools.crest.model.design.logical.Attribute">
<Attribute name="adm_number" id="3432D424-A9B2-AEB9-2F72-852F8FECEE83">
<createdBy>farhadullahrezwan</createdBy>
<createdTime>2019-04-29 12:59:29 UTC</createdTime>
<commentInRDBMS>adm_number: surrogate key added to entity</commentInRDBMS>
<ownerDesignName>mh_logical_model</ownerDesignName>
<engineerTo>
<item key="205E3F70-B5CF-3A62-C1D7-18AFC393CBFE" value="true"/>
</engineerTo>
<useDomainConstraints>false</useDomainConstraints>
<use>1</use>
<logicalDatatype>LOGDT019</logicalDatatype>
<dataTypePrecision>6</dataTypePrecision>
<ownDataTypeParameters>,6,</ownDataTypeParameters>
</Attribute>
<Attribute name="adm_datetime" id="F8A60C1D-F172-BC01-1833-B7927ECE1310">
<createdBy>farhadullahrezwan</createdBy>
<createdTime>2019-04-24 18:42:31 UTC</createdTime>
<commentInRDBMS>adm_datetime: admission date and time of a particular p atient</commentInRDBMS>
<ownerDesignName>mh_logical_model</ownerDesignName>
<engineerTo>
<item key="205E3F70-B5CF-3A62-C1D7-18AFC393CBFE" value="true"/>
</engineerTo>
<useDomainConstraints>false</useDomainConstraints>
<use>1</use>
<logicalDatatype>LOGDT008</logicalDatatype>
<ownDataTypeParameters>,,</ownDataTypeParameters>
</Attribute>
<Attribute name="patient_id" id="BD84015E-A289-D015-1B62-2A951311A265">
<createdBy>farhadullahrezwan</createdBy>
<createdTime>2019-04-29 12:49:35 UTC</createdTime>
<commentInRDBMS>patient_id: unique patient id</commentInRDBMS>
<generatorID>4AE50C29-F2E0-96C6-0C42-F161697D7859</generatorID>
<ownerDesignName>mh_logical_model</ownerDesignName>
<engineerTo>
<item key="205E3F70-B5CF-3A62-C1D7-18AFC393CBFE" value="true"/>
</engineerTo>
<referedAttribute>D092ED9C-2EF6-802F-4FA1-9EE5222347A0</referedAttribute>
<useDomainConstraints>false</useDomainConstraints>
<use>1</use>
<logicalDatatype>LOGDT019</logicalDatatype>
<dataTypePrecision>6</dataTypePrecision>
<ownDataTypeParameters>,,</ownDataTypeParameters>
</Attribute>
<Attribute name="discharge_datetime" id="4D2D32C0-DADD-2C30-4AF1-B96EC4834C38">
<createdBy>farhadullahrezwan</createdBy>
<createdTime>2019-04-24 18:43:35 UTC</createdTime>
<comment>discharge_datetime: date and time of discharge of a particular patient&apos;s admission</comment>
<commentInRDBMS>discharge_datetime: date and time of discharge of a patient</commentInRDBMS>
<ownerDesignName>mh_logical_model</ownerDesignName>
<engineerTo>
<item key="205E3F70-B5CF-3A62-C1D7-18AFC393CBFE" value="true"/>
</engineerTo>
<nullsAllowed>true</nullsAllowed>
<useDomainConstraints>false</useDomainConstraints>
<use>1</use>
<logicalDatatype>LOGDT008</logicalDatatype>
<ownDataTypeParameters>,,</ownDataTypeParameters>
</Attribute>
<Attribute name="supvdoctor_id" id="38092E96-CCAC-09FB-E013-8681FF9F54B1">
<createdBy>farhadullahrezwan</createdBy>
<createdTime>2019-04-29 14:07:16 UTC</createdTime>
<commentInRDBMS>doctor_id: doctor id</commentInRDBMS>
<generatorID>2CD08A30-1039-E89D-BCD8-7F58AD330EA3</generatorID>
<ownerDesignName>mh_logical_model</ownerDesignName>
<engineerTo>
<item key="205E3F70-B5CF-3A62-C1D7-18AFC393CBFE" value="true"/>
</engineerTo>
<referedAttribute>E4FE1F73-41C5-75F7-4296-DF68591F3E32</referedAttribute>
<useDomainConstraints>false</useDomainConstraints>
<use>1</use>
<logicalDatatype>LOGDT019</logicalDatatype>
<dataTypePrecision>4</dataTypePrecision>
<ownDataTypeParameters>,4,</ownDataTypeParameters>
</Attribute>
</attributes>
<identifiers itemClass="oracle.dbtools.crest.model.design.logical.CandidateKey">
<identifier id="17FB2FD9-AEFF-C7CD-E284-DFC95116A36F" name="PATIENT_ADMISSION PK">
<createdBy>farhadullahrezwan</createdBy>
<createdTime>2019-04-24 18:49:28 UTC</createdTime>
<ownerDesignName>mh_logical_model</ownerDesignName>
<shouldEngineer>false</shouldEngineer>
<engineerTo>
<item key="205E3F70-B5CF-3A62-C1D7-18AFC393CBFE" value="false"/>
</engineerTo>
<pk>true</pk>
<usedAttributes>
<attributeRef>3432D424-A9B2-AEB9-2F72-852F8FECEE83</attributeRef>
</usedAttributes>
</identifier>
<identifier id="E980F75A-31AF-9BE3-5469-A95CF219614C" name="PAT-ADMISSION_NK">
<createdBy>farhadullahrezwan</createdBy>
<createdTime>2019-04-29 13:01:36 UTC</createdTime>
<ownerDesignName>mh_logical_model</ownerDesignName>
<shouldEngineer>false</shouldEngineer>
<engineerTo>
<item key="205E3F70-B5CF-3A62-C1D7-18AFC393CBFE" value="false"/>
</engineerTo>
<newElementsIDs>4AE50C29-F2E0-96C6-0C42-F161697D7859,F8A60C1D-F172-BC01-1833-B7927ECE1310</newElementsIDs>
<usedAttributes>
<attributeRef>BD84015E-A289-D015-1B62-2A951311A265</attributeRef>
<attributeRef>F8A60C1D-F172-BC01-1833-B7927ECE1310</attributeRef>
</usedAttributes>
</identifier>
</identifiers>
</Entity>