<?xml version = '1.0' encoding = 'UTF-8'?>
<Entity class="oracle.dbtools.crest.model.design.logical.Entity" directorySegmentName="seg_0" id="F235C7E0-20E1-387F-FB56-CE022CB9BBD0" name="E_ITEM">
<createdBy>farhadullahrezwan</createdBy>
<createdTime>2019-04-24 21:08:38 UTC</createdTime>
<ownerDesignName>mh_logical_model</ownerDesignName>
<engineerTo>
<item key="205E3F70-B5CF-3A62-C1D7-18AFC393CBFE" value="true"/>
</engineerTo>
<adequatelyNormalized>NO</adequatelyNormalized>
<expectedVolumes>0</expectedVolumes>
<fwdEngineeringStrategyName>Single Table</fwdEngineeringStrategyName>
<growthPercent>0</growthPercent>
<growthType>Year</growthType>
<maxVolumes>9999999</maxVolumes>
<minVolumes>0</minVolumes>
<normalForm>Third</normalForm>
<attributes itemClass="oracle.dbtools.crest.model.design.logical.Attribute">
<Attribute name="item_code" id="4BEE00D0-F7AE-F857-11FC-C906BF530AE9">
<createdBy>farhadullahrezwan</createdBy>
<createdTime>2019-04-24 21:09:40 UTC</createdTime>
<commentInRDBMS>item_code: item code for each extra item</commentInRDBMS>
<ownerDesignName>mh_logical_model</ownerDesignName>
<engineerTo>
<item key="205E3F70-B5CF-3A62-C1D7-18AFC393CBFE" value="true"/>
</engineerTo>
<useDomainConstraints>false</useDomainConstraints>
<use>1</use>
<logicalDatatype>LOGDT025</logicalDatatype>
<dataTypeSize>5</dataTypeSize>
<ownDataTypeParameters>5,,</ownDataTypeParameters>
</Attribute>
<Attribute name="item_description" id="5F29AA7B-5115-EBE3-528C-67BFF3C2C17E">
<createdBy>farhadullahrezwan</createdBy>
<createdTime>2019-04-24 21:11:12 UTC</createdTime>
<commentInRDBMS>item_description: description of each extra item</commentInRDBMS>
<ownerDesignName>mh_logical_model</ownerDesignName>
<engineerTo>
<item key="205E3F70-B5CF-3A62-C1D7-18AFC393CBFE" value="true"/>
</engineerTo>
<useDomainConstraints>false</useDomainConstraints>
<use>1</use>
<logicalDatatype>LOGDT024</logicalDatatype>
<dataTypeSize>50</dataTypeSize>
<ownDataTypeParameters>50,,</ownDataTypeParameters>
</Attribute>
<Attribute name="item_price" id="192BD878-9F1A-FAD4-9346-E0CF592E09D0">
<createdBy>farhadullahrezwan</createdBy>
<createdTime>2019-04-24 21:12:02 UTC</createdTime>
<commentInRDBMS>item_price: price of each extra item</commentInRDBMS>
<ownerDesignName>mh_logical_model</ownerDesignName>
<engineerTo>
<item key="205E3F70-B5CF-3A62-C1D7-18AFC393CBFE" value="true"/>
</engineerTo>
<constraintName>itmprice_chk</constraintName>
<useDomainConstraints>false</useDomainConstraints>
<use>1</use>
<logicalDatatype>LOGDT019</logicalDatatype>
<dataTypePrecision>7</dataTypePrecision>
<dataTypeScale>2</dataTypeScale>
<checkConstraint>
<implementationDef dbType="Oracle Database 11g" definition="item_price &gt; 0"/>
</checkConstraint>
<ownDataTypeParameters>,7,2</ownDataTypeParameters>
</Attribute>
<Attribute name="item_cstock" id="8D3F68FA-4341-31B2-7298-481A6DA776EF">
<createdBy>farhadullahrezwan</createdBy>
<createdTime>2019-04-24 21:13:52 UTC</createdTime>
<commentInRDBMS>item_cstock: current stock of each item</commentInRDBMS>
<ownerDesignName>mh_logical_model</ownerDesignName>
<engineerTo>
<item key="205E3F70-B5CF-3A62-C1D7-18AFC393CBFE" value="true"/>
</engineerTo>
<useDomainConstraints>false</useDomainConstraints>
<use>1</use>
<logicalDatatype>LOGDT019</logicalDatatype>
<dataTypePrecision>4</dataTypePrecision>
<ownDataTypeParameters>,4,</ownDataTypeParameters>
</Attribute>
<Attribute name="centre_code" id="814CD478-BDD1-978E-B9D3-530E87C359D5">
<createdBy>farhadullahrezwan</createdBy>
<createdTime>2019-04-29 13:50:09 UTC</createdTime>
<commentInRDBMS>centre_code: cost centre code</commentInRDBMS>
<generatorID>05C21D6D-2784-B9B9-1990-6E2AAD3694E3</generatorID>
<ownerDesignName>mh_logical_model</ownerDesignName>
<engineerTo>
<item key="205E3F70-B5CF-3A62-C1D7-18AFC393CBFE" value="true"/>
</engineerTo>
<referedAttribute>FF163BE9-EC9C-40AF-C956-0CA19508C9D3</referedAttribute>
<useDomainConstraints>false</useDomainConstraints>
<use>1</use>
<logicalDatatype>LOGDT019</logicalDatatype>
<dataTypePrecision>5</dataTypePrecision>
<ownDataTypeParameters>,5,</ownDataTypeParameters>
</Attribute>
</attributes>
<identifiers itemClass="oracle.dbtools.crest.model.design.logical.CandidateKey">
<identifier id="A1C3EE90-62CC-79A5-9A6D-989B11F9649A" name="EXTRA_ITEM PK">
<createdBy>farhadullahrezwan</createdBy>
<createdTime>2019-04-24 21:10:20 UTC</createdTime>
<ownerDesignName>mh_logical_model</ownerDesignName>
<shouldEngineer>false</shouldEngineer>
<engineerTo>
<item key="205E3F70-B5CF-3A62-C1D7-18AFC393CBFE" value="false"/>
</engineerTo>
<pk>true</pk>
<usedAttributes>
<attributeRef>4BEE00D0-F7AE-F857-11FC-C906BF530AE9</attributeRef>
</usedAttributes>
</identifier>
</identifiers>
</Entity>