<?xml version = '1.0' encoding = 'UTF-8'?>
<FKIndexAssociation class="oracle.dbtools.crest.model.design.relational.FKIndexAssociation" directorySegmentName="seg_0" id="14823D5A-148E-078B-03C4-402FB0236512" containerWithKeyObject="60633631-7F44-25C0-BE0C-C76EF0FBCF79" localFKIndex="525EC540-232C-F593-F572-EF1A750A3044" name="patient_pat-admission">
<createdBy>farhadullahrezwan</createdBy>
<createdTime>2019-04-29 14:55:37 UTC</createdTime>
<generatorID>4AE50C29-F2E0-96C6-0C42-F161697D7859</generatorID>
<ownerDesignName>mh_logical_model</ownerDesignName>
<referredTableLongName>PATIENT</referredTableLongName>
<deleteRule>NO ACTION</deleteRule>
<referredTableID>743BDCE2-0CBD-5FC3-C8FC-38433BE2A9CB</referredTableID>
<keyObject>E27E93A6-F30C-B91D-7F5F-3B617CBBC88D</keyObject>
<referredKeyID>E27E93A6-F30C-B91D-7F5F-3B617CBBC88D</referredKeyID>
<mandatory>true</mandatory>
<refColNames>patient_id</refColNames>
<transferable>true</transferable>
<rely>false</rely>
<columnDependencyConstraintGenerateInDDL>true</columnDependencyConstraintGenerateInDDL>
</FKIndexAssociation>