<?xml version = '1.0' encoding = 'UTF-8'?>
<FKIndexAssociation class="oracle.dbtools.crest.model.design.relational.FKIndexAssociation" directorySegmentName="seg_0" id="3ADE5957-52DC-37F5-6151-2BC3B9425F23" containerWithKeyObject="EA6C9053-D1C6-45CF-2884-9AFC72187CFF" localFKIndex="8472B5E1-CF0F-E320-E92A-20B8B8358EEE" name="doctor_pat-procedurev2">
<createdBy>farhadullahrezwan</createdBy>
<createdTime>2019-04-29 14:55:37 UTC</createdTime>
<generatorID>EC2AC6AB-001A-9A9B-ABEC-CA11304E78D8</generatorID>
<ownerDesignName>mh_logical_model</ownerDesignName>
<referredTableLongName>DOCTOR</referredTableLongName>
<deleteRule>NO ACTION</deleteRule>
<referredTableID>17EBBF32-3DF1-B562-79BF-6C30246FA64F</referredTableID>
<keyObject>E957BDFA-2C27-063E-1764-CE6815E7FA73</keyObject>
<referredKeyID>E957BDFA-2C27-063E-1764-CE6815E7FA73</referredKeyID>
<mandatory>true</mandatory>
<refColNames>doctor_id</refColNames>
<transferable>true</transferable>
<rely>false</rely>
<columnDependencyConstraintGenerateInDDL>true</columnDependencyConstraintGenerateInDDL>
</FKIndexAssociation>