<?xml version = '1.0' encoding = 'UTF-8'?>
<Diagram class="oracle.dbtools.crest.swingui.relational.DPVRelational" name="Relational_1" id="EA647DB8-DDAE-3DB6-8A6A-8E4EDD604C44">
<createdBy>farhadullahrezwan</createdBy>
<modifiedBy>farhadullahrezwan</modifiedBy>
<createdTime>2019-04-29 14:55:37 UTC</createdTime>
<autoRoute>false</autoRoute>
<boxInbox>true</boxInbox>
<showLegend>false</showLegend>
<showLabels>false</showLabels>
<showRelAttributes>false</showRelAttributes>
<gridEnabled>false</gridEnabled>
<showGrid>false</showGrid>
<diagramColor>-1</diagramColor>
<display>false</display>
<notation>1</notation>
<objectViews>
<OView class="oracle.dbtools.crest.swingui.relational.TVTable" oid="17EBBF32-3DF1-B562-79BF-6C30246FA64F" otype="Table" vid="C7C50CAF-41AB-4A34-B483-CFD50DC86423">
<hideElementsInCurrentOnly>false</hideElementsInCurrentOnly>
<bounds x="897" y="93" width="170" height="113"/>
</OView>
<OView class="oracle.dbtools.crest.swingui.relational.TVTable" oid="2C5295AF-D4ED-E0A5-8E01-7E02A48D644E" otype="Table" vid="DCE75201-DAD3-F104-0B2A-D3E987E69399">
<hideElementsInCurrentOnly>false</hideElementsInCurrentOnly>
<bounds x="1096" y="280" width="170" height="114"/>
</OView>
<OView class="oracle.dbtools.crest.swingui.relational.TVTable" oid="30DBD3C0-AC30-E458-AD7F-B34986B9622A" otype="Table" vid="A35ABEE1-0876-804D-45E9-737E96E31924">
<hideElementsInCurrentOnly>false</hideElementsInCurrentOnly>
<bounds x="1119" y="701" width="170" height="113"/>
</OView>
<OView class="oracle.dbtools.crest.swingui.relational.TVTable" oid="505A2174-C875-7739-62B6-BB7F9A35EE1B" otype="Table" vid="E5A320FD-2A98-B734-B747-CC22D93A9790">
<hideElementsInCurrentOnly>false</hideElementsInCurrentOnly>
<bounds x="866" y="953" width="170" height="114"/>
</OView>
<OView class="oracle.dbtools.crest.swingui.relational.TVTable" oid="50D249EA-1E56-340C-8E77-09986B3221B5" otype="Table" vid="D193E147-0C62-EB38-C475-3AF12BE74392">
<hideElementsInCurrentOnly>false</hideElementsInCurrentOnly>
<bounds x="399" y="703" width="170" height="110"/>
</OView>
<OView class="oracle.dbtools.crest.swingui.relational.TVTable" oid="5752AF69-863B-7A38-F0AB-F144B2BCCE1D" otype="Table" vid="60681F8C-9C43-4685-6B7E-26A5B1C03350">
<hideElementsInCurrentOnly>false</hideElementsInCurrentOnly>
<bounds x="85" y="1187" width="170" height="110"/>
</OView>
<OView class="oracle.dbtools.crest.swingui.relational.TVTable" oid="60633631-7F44-25C0-BE0C-C76EF0FBCF79" otype="Table" vid="DBED97B0-2E1A-C651-7E02-4F273E1C6B63">
<hideElementsInCurrentOnly>false</hideElementsInCurrentOnly>
<bounds x="460" y="33" width="266" height="136"/>
</OView>
<OView class="oracle.dbtools.crest.swingui.relational.TVTable" oid="743BDCE2-0CBD-5FC3-C8FC-38433BE2A9CB" otype="Table" vid="F9EB649B-4C1E-BFA9-2F92-B595CEFB35A9">
<hideElementsInCurrentOnly>false</hideElementsInCurrentOnly>
<bounds x="99" y="186" width="209" height="145"/>
</OView>
<OView class="oracle.dbtools.crest.swingui.relational.TVTable" oid="B70D3AA1-71DD-1D3D-3122-4164EB5F2B82" otype="Table" vid="DAE5EE15-C209-4355-D3DA-4D435F77F868">
<hideElementsInCurrentOnly>false</hideElementsInCurrentOnly>
<bounds x="380" y="402" width="170" height="112"/>
</OView>
<OView class="oracle.dbtools.crest.swingui.relational.TVTable" oid="DD1F6237-4292-E8AA-947C-2BF70CE99012" otype="Table" vid="A96CCDB3-06CF-C0CF-B7BB-FDE5ED692925">
<hideElementsInCurrentOnly>false</hideElementsInCurrentOnly>
<bounds x="101" y="401" width="170" height="111"/>
</OView>
<OView class="oracle.dbtools.crest.swingui.relational.TVTable" oid="EA6C9053-D1C6-45CF-2884-9AFC72187CFF" otype="Table" vid="107F8D63-0D5D-F64F-55AC-8BAD625FDAD1">
<hideElementsInCurrentOnly>false</hideElementsInCurrentOnly>
<bounds x="612" y="417" width="174" height="171"/>
</OView>
<OView class="oracle.dbtools.crest.swingui.relational.TVTable" oid="EBB7EBFA-E8BC-82D0-F07D-0077A0284DA5" otype="Table" vid="31120054-321A-5AA3-9A82-54178592A235">
<hideElementsInCurrentOnly>false</hideElementsInCurrentOnly>
<bounds x="399" y="956" width="170" height="110"/>
</OView>
<OView class="oracle.dbtools.crest.swingui.relational.TVTable" oid="F1478335-E2BA-0384-011E-5A0140724949" otype="Table" vid="0546ECA6-8C05-A11C-2003-A2175B10E8F1">
<hideElementsInCurrentOnly>false</hideElementsInCurrentOnly>
<bounds x="85" y="919" width="170" height="110"/>
</OView>
<OView class="oracle.dbtools.crest.swingui.relational.TVTable" oid="F363A58D-0B89-7D18-5EA0-C55B7B9F7C98" otype="Table" vid="1DDC3513-85A7-335D-8165-8A1CF56A3334">
<hideElementsInCurrentOnly>false</hideElementsInCurrentOnly>
<bounds x="100" y="658" width="170" height="111"/>
</OView>
<OView class="oracle.dbtools.crest.swingui.relational.TVTable" oid="F3F03CBE-BC65-62E5-CF3F-9ABB20CA3893" otype="Table" vid="001B49E7-6437-360C-A2B5-A97D831DE800">
<hideElementsInCurrentOnly>false</hideElementsInCurrentOnly>
<bounds x="851" y="708" width="170" height="111"/>
</OView>
</objectViews>
<connectors>
<Connector class="oracle.dbtools.crest.swingui.relational.TVFKRelation" oid="14823D5A-148E-078B-03C4-402FB0236512" otype="FKIndexAssociation" vid_source="F9EB649B-4C1E-BFA9-2F92-B595CEFB35A9" vid_target="DBED97B0-2E1A-C651-7E02-4F273E1C6B63">
<hideElementsInCurrentOnly>false</hideElementsInCurrentOnly>
<backgroundColor>-16777216</backgroundColor>
<lineWidth>1</lineWidth>
<points>
<point x="277" y="186"/>
<point x="277" y="113"/>
<point x="460" y="113"/>
</points>
</Connector>
<Connector class="oracle.dbtools.crest.swingui.relational.TVFKRelation" oid="2FF6038F-81FF-19C3-0879-D3CB69086F6F" otype="FKIndexAssociation" vid_source="A96CCDB3-06CF-C0CF-B7BB-FDE5ED692925" vid_target="DAE5EE15-C209-4355-D3DA-4D435F77F868">
<hideElementsInCurrentOnly>false</hideElementsInCurrentOnly>
<backgroundColor>-16777216</backgroundColor>
<lineWidth>1</lineWidth>
<points>
<point x="271" y="472"/>
<point x="380" y="472"/>
</points>
</Connector>
<Connector class="oracle.dbtools.crest.swingui.relational.TVFKRelation" oid="37E76572-3603-618B-3EF2-1B761A629BCE" otype="FKIndexAssociation" vid_source="31120054-321A-5AA3-9A82-54178592A235" vid_target="D193E147-0C62-EB38-C475-3AF12BE74392">
<hideElementsInCurrentOnly>false</hideElementsInCurrentOnly>
<backgroundColor>-16777216</backgroundColor>
<lineWidth>1</lineWidth>
<points>
<point x="469" y="956"/>
<point x="469" y="893"/>
<point x="469" y="813"/>
</points>
</Connector>
<Connector class="oracle.dbtools.crest.swingui.relational.TVFKRelation" oid="3ADE5957-52DC-37F5-6151-2BC3B9425F23" otype="FKIndexAssociation" vid_source="C7C50CAF-41AB-4A34-B483-CFD50DC86423" vid_target="107F8D63-0D5D-F64F-55AC-8BAD625FDAD1">
<hideElementsInCurrentOnly>false</hideElementsInCurrentOnly>
<backgroundColor>-16777216</backgroundColor>
<lineWidth>1</lineWidth>
<points>
<point x="924" y="206"/>
<point x="924" y="459"/>
<point x="786" y="459"/>
</points>
</Connector>
<Connector class="oracle.dbtools.crest.swingui.relational.TVFKRelation" oid="4D5B0C6F-C58F-D396-CA47-79E1EB7E392D" otype="FKIndexAssociation" vid_source="107F8D63-0D5D-F64F-55AC-8BAD625FDAD1" vid_target="D193E147-0C62-EB38-C475-3AF12BE74392">
<hideElementsInCurrentOnly>false</hideElementsInCurrentOnly>
<backgroundColor>-16777216</backgroundColor>
<lineWidth>1</lineWidth>
<points>
<point x="612" y="572"/>
<point x="462" y="572"/>
<point x="462" y="703"/>
</points>
</Connector>
<Connector class="oracle.dbtools.crest.swingui.relational.TVFKRelation" oid="5A6BF5FC-0C64-D71E-BF22-36AE7981AF6E" otype="FKIndexAssociation" vid_source="1DDC3513-85A7-335D-8165-8A1CF56A3334" vid_target="A96CCDB3-06CF-C0CF-B7BB-FDE5ED692925">
<hideElementsInCurrentOnly>false</hideElementsInCurrentOnly>
<backgroundColor>-16777216</backgroundColor>
<lineWidth>1</lineWidth>
<points>
<point x="200" y="658"/>
<point x="200" y="512"/>
</points>
</Connector>
<Connector class="oracle.dbtools.crest.swingui.relational.TVFKRelation" oid="5EAA8F90-6025-31E7-131A-02E7E7937D16" otype="FKIndexAssociation" vid_source="60681F8C-9C43-4685-6B7E-26A5B1C03350" vid_target="0546ECA6-8C05-A11C-2003-A2175B10E8F1">
<hideElementsInCurrentOnly>false</hideElementsInCurrentOnly>
<backgroundColor>-16777216</backgroundColor>
<lineWidth>1</lineWidth>
<points>
<point x="185" y="1187"/>
<point x="185" y="1029"/>
</points>
</Connector>
<Connector class="oracle.dbtools.crest.swingui.relational.TVFKRelation" oid="64885778-347F-DFE6-A708-338A734F5EA5" otype="FKIndexAssociation" vid_source="C7C50CAF-41AB-4A34-B483-CFD50DC86423" vid_target="107F8D63-0D5D-F64F-55AC-8BAD625FDAD1">
<hideElementsInCurrentOnly>false</hideElementsInCurrentOnly>
<backgroundColor>-16777216</backgroundColor>
<lineWidth>1</lineWidth>
<points>
<point x="897" y="170"/>
<point x="738" y="170"/>
<point x="738" y="417"/>
</points>
</Connector>
<Connector class="oracle.dbtools.crest.swingui.relational.TVFKRelation" oid="91031D57-0D86-14CF-1C9D-C0DFD302DCA9" otype="FKIndexAssociation" vid_source="1DDC3513-85A7-335D-8165-8A1CF56A3334" vid_target="0546ECA6-8C05-A11C-2003-A2175B10E8F1">
<hideElementsInCurrentOnly>false</hideElementsInCurrentOnly>
<backgroundColor>-16777216</backgroundColor>
<lineWidth>1</lineWidth>
<points>
<point x="192" y="769"/>
<point x="192" y="919"/>
</points>
</Connector>
<Connector class="oracle.dbtools.crest.swingui.relational.TVFKRelation" oid="A09EC66C-0D12-A2B2-70D9-C8ADDAC0A52E" otype="FKIndexAssociation" vid_source="DBED97B0-2E1A-C651-7E02-4F273E1C6B63" vid_target="107F8D63-0D5D-F64F-55AC-8BAD625FDAD1">
<hideElementsInCurrentOnly>false</hideElementsInCurrentOnly>
<backgroundColor>-16777216</backgroundColor>
<lineWidth>1</lineWidth>
<points>
<point x="642" y="169"/>
<point x="642" y="320"/>
<point x="642" y="417"/>
</points>
</Connector>
<Connector class="oracle.dbtools.crest.swingui.relational.TVFKRelation" oid="AC8D9226-B50F-07A4-BE96-B6DE6676B4E9" otype="FKIndexAssociation" vid_source="DBED97B0-2E1A-C651-7E02-4F273E1C6B63" vid_target="DAE5EE15-C209-4355-D3DA-4D435F77F868">
<hideElementsInCurrentOnly>false</hideElementsInCurrentOnly>
<backgroundColor>-16777216</backgroundColor>
<lineWidth>1</lineWidth>
<points>
<point x="520" y="169"/>
<point x="520" y="402"/>
</points>
</Connector>
<Connector class="oracle.dbtools.crest.swingui.relational.TVFKRelation" oid="C4599852-8F84-5AB9-83A3-E2E4F8C7BA36" otype="FKIndexAssociation" vid_source="001B49E7-6437-360C-A2B5-A97D831DE800" vid_target="107F8D63-0D5D-F64F-55AC-8BAD625FDAD1">
<hideElementsInCurrentOnly>false</hideElementsInCurrentOnly>
<backgroundColor>-16777216</backgroundColor>
<lineWidth>1</lineWidth>
<points>
<point x="930" y="708"/>
<point x="930" y="577"/>
<point x="786" y="577"/>
</points>
</Connector>
<Connector class="oracle.dbtools.crest.swingui.relational.TVFKRelation" oid="CBEF31FB-8B08-A2F0-D7C6-1A77A4BB6AC7" otype="FKIndexAssociation" vid_source="C7C50CAF-41AB-4A34-B483-CFD50DC86423" vid_target="DCE75201-DAD3-F104-0B2A-D3E987E69399">
<hideElementsInCurrentOnly>false</hideElementsInCurrentOnly>
<backgroundColor>-16777216</backgroundColor>
<lineWidth>1</lineWidth>
<points>
<point x="1067" y="142"/>
<point x="1122" y="142"/>
<point x="1122" y="280"/>
</points>
</Connector>
<Connector class="oracle.dbtools.crest.swingui.relational.TVFKRelation" oid="CD2C3429-EB60-562B-5E8B-624C3C4CF4CD" otype="FKIndexAssociation" vid_source="A35ABEE1-0876-804D-45E9-737E96E31924" vid_target="DCE75201-DAD3-F104-0B2A-D3E987E69399">
<hideElementsInCurrentOnly>false</hideElementsInCurrentOnly>
<backgroundColor>-16777216</backgroundColor>
<lineWidth>1</lineWidth>
<points>
<point x="1192" y="701"/>
<point x="1192" y="394"/>
</points>
</Connector>
<Connector class="oracle.dbtools.crest.swingui.relational.TVFKRelation" oid="EEF59935-09BA-AAAE-11D4-4BF0D56578FF" otype="FKIndexAssociation" vid_source="E5A320FD-2A98-B734-B747-CC22D93A9790" vid_target="31120054-321A-5AA3-9A82-54178592A235">
<hideElementsInCurrentOnly>false</hideElementsInCurrentOnly>
<backgroundColor>-16777216</backgroundColor>
<lineWidth>1</lineWidth>
<points>
<point x="866" y="1003"/>
<point x="728" y="1003"/>
<point x="569" y="1003"/>
</points>
</Connector>
<Connector class="oracle.dbtools.crest.swingui.relational.TVFKRelation" oid="F6B4D0E8-E98F-AE5C-BEFF-C2529A34B3F6" otype="FKIndexAssociation" vid_source="C7C50CAF-41AB-4A34-B483-CFD50DC86423" vid_target="DBED97B0-2E1A-C651-7E02-4F273E1C6B63">
<hideElementsInCurrentOnly>false</hideElementsInCurrentOnly>
<backgroundColor>-16777216</backgroundColor>
<lineWidth>1</lineWidth>
<points>
<point x="897" y="100"/>
<point x="822" y="100"/>
<point x="726" y="100"/>
</points>
</Connector>
</connectors>
</Diagram>