<?xml version = '1.0' encoding = 'UTF-8'?>
<Diagram class="oracle.dbtools.crest.swingui.relational.DPVRelational" name="Relational_1" id="8F6591A5-3660-F62D-08E9-629FDEFDDC18">
<createdBy>farhadullahrezwan</createdBy>
<modifiedBy>farhadullahrezwan</modifiedBy>
<createdTime>2019-04-30 15:03:54 UTC</createdTime>
<autoRoute>false</autoRoute>
<boxInbox>true</boxInbox>
<showLegend>false</showLegend>
<showLabels>false</showLabels>
<showRelAttributes>false</showRelAttributes>
<gridEnabled>false</gridEnabled>
<showGrid>false</showGrid>
<diagramColor>-1</diagramColor>
<display>false</display>
<notation>1</notation>
<objectViews>
<OView class="oracle.dbtools.crest.swingui.relational.TVTable" oid="0E90DE52-0E23-A0DA-E4CB-E7152959D09F" otype="Table" vid="F3A3D583-1BE0-B5FA-EBB7-429F0CF38085">
<hideElementsInCurrentOnly>false</hideElementsInCurrentOnly>
<bounds x="100" y="658" width="170" height="111"/>
</OView>
<OView class="oracle.dbtools.crest.swingui.relational.TVTable" oid="267F049B-AAB5-42E9-F4A0-4EF557A1C667" otype="Table" vid="18457A22-74A3-E5BE-FC75-945814B92A7D">
<hideElementsInCurrentOnly>false</hideElementsInCurrentOnly>
<bounds x="380" y="402" width="170" height="112"/>
</OView>
<OView class="oracle.dbtools.crest.swingui.relational.TVTable" oid="3F2B468C-AC13-B325-11BE-8F23F1CBC581" otype="Table" vid="9B0B7FD2-2AE3-6710-6A85-BFA415F64E9D">
<hideElementsInCurrentOnly>false</hideElementsInCurrentOnly>
<bounds x="897" y="93" width="170" height="113"/>
</OView>
<OView class="oracle.dbtools.crest.swingui.relational.TVTable" oid="4B0A0DBE-0583-2069-8E1C-A66A25CC83D1" otype="Table" vid="6D1C7F4C-AFE3-774D-A8FD-2EB40229E9FC">
<hideElementsInCurrentOnly>false</hideElementsInCurrentOnly>
<bounds x="85" y="1187" width="170" height="110"/>
</OView>
<OView class="oracle.dbtools.crest.swingui.relational.TVTable" oid="4BF8D1C8-9772-7844-2DE4-AD3D95C3D819" otype="Table" vid="679A5002-0AEE-57F4-C770-7B36BCF8F5C9">
<hideElementsInCurrentOnly>false</hideElementsInCurrentOnly>
<bounds x="866" y="953" width="170" height="114"/>
</OView>
<OView class="oracle.dbtools.crest.swingui.relational.TVTable" oid="52C2DC71-BBB3-13B8-095D-8C32597C351B" otype="Table" vid="239EE347-0611-D1BA-3664-94EEE2BE9D74">
<hideElementsInCurrentOnly>false</hideElementsInCurrentOnly>
<bounds x="101" y="401" width="170" height="111"/>
</OView>
<OView class="oracle.dbtools.crest.swingui.relational.TVTable" oid="60A31D34-225C-F6F2-F4EB-4399016CEEA6" otype="Table" vid="52B70DC7-C861-D222-E1C1-4F8A00AFA36F">
<hideElementsInCurrentOnly>false</hideElementsInCurrentOnly>
<bounds x="399" y="956" width="170" height="110"/>
</OView>
<OView class="oracle.dbtools.crest.swingui.relational.TVTable" oid="69F99800-2995-2BA1-8A38-B85DCEF2D379" otype="Table" vid="8C8735A7-4EB4-316D-248C-234D5CC67B2E">
<hideElementsInCurrentOnly>false</hideElementsInCurrentOnly>
<bounds x="612" y="417" width="174" height="171"/>
</OView>
<OView class="oracle.dbtools.crest.swingui.relational.TVTable" oid="6AC656BB-02F0-060D-45FB-305EE0B537EA" otype="Table" vid="FEA64501-D901-686B-BBB3-D61A2CC1BF28">
<hideElementsInCurrentOnly>false</hideElementsInCurrentOnly>
<bounds x="399" y="703" width="170" height="110"/>
</OView>
<OView class="oracle.dbtools.crest.swingui.relational.TVTable" oid="74FFFD26-ACCF-F123-F203-CC1376392CC5" otype="Table" vid="E0181408-8C3B-AC38-9882-AE3543A4B1A4">
<hideElementsInCurrentOnly>false</hideElementsInCurrentOnly>
<bounds x="460" y="33" width="266" height="136"/>
</OView>
<OView class="oracle.dbtools.crest.swingui.relational.TVTable" oid="786FCC01-72FA-31A6-2D09-88242BDC91C0" otype="Table" vid="91CFB8B6-5789-4A74-A7D6-02BE96E37DED">
<hideElementsInCurrentOnly>false</hideElementsInCurrentOnly>
<bounds x="99" y="186" width="209" height="145"/>
</OView>
<OView class="oracle.dbtools.crest.swingui.relational.TVTable" oid="808EA8D8-8057-0197-7335-C39CBBBE50A0" otype="Table" vid="B5AC6FB2-4393-91B0-A142-CB7ED1236139">
<hideElementsInCurrentOnly>false</hideElementsInCurrentOnly>
<bounds x="85" y="919" width="170" height="110"/>
</OView>
<OView class="oracle.dbtools.crest.swingui.relational.TVTable" oid="9B18193F-2AF3-10FF-33B1-3999C1917E65" otype="Table" vid="F4C8E371-C4C9-E43C-F045-E6955564BF36">
<hideElementsInCurrentOnly>false</hideElementsInCurrentOnly>
<bounds x="1119" y="701" width="170" height="113"/>
</OView>
<OView class="oracle.dbtools.crest.swingui.relational.TVTable" oid="D035B104-039D-6A10-E215-D39F83B43A46" otype="Table" vid="FBAEE106-997E-12AC-438C-49A8D125A75B">
<hideElementsInCurrentOnly>false</hideElementsInCurrentOnly>
<bounds x="851" y="708" width="170" height="111"/>
</OView>
<OView class="oracle.dbtools.crest.swingui.relational.TVTable" oid="F0C818D7-7FD2-B330-4141-06FF5D4B0A90" otype="Table" vid="244F600F-77A0-1494-674A-E6987A951710">
<hideElementsInCurrentOnly>false</hideElementsInCurrentOnly>
<bounds x="1096" y="280" width="170" height="114"/>
</OView>
</objectViews>
<connectors>
<Connector class="oracle.dbtools.crest.swingui.relational.TVFKRelation" oid="2F08C7F9-F7C9-28D1-B581-FA4DD401C284" otype="FKIndexAssociation" vid_source="9B0B7FD2-2AE3-6710-6A85-BFA415F64E9D" vid_target="244F600F-77A0-1494-674A-E6987A951710">
<hideElementsInCurrentOnly>false</hideElementsInCurrentOnly>
<backgroundColor>-16777216</backgroundColor>
<lineWidth>1</lineWidth>
<points>
<point x="1067" y="142"/>
<point x="1122" y="142"/>
<point x="1122" y="280"/>
</points>
</Connector>
<Connector class="oracle.dbtools.crest.swingui.relational.TVFKRelation" oid="3410358F-ACDC-BAA6-EFB0-5ED56C4A4107" otype="FKIndexAssociation" vid_source="E0181408-8C3B-AC38-9882-AE3543A4B1A4" vid_target="8C8735A7-4EB4-316D-248C-234D5CC67B2E">
<hideElementsInCurrentOnly>false</hideElementsInCurrentOnly>
<backgroundColor>-16777216</backgroundColor>
<lineWidth>1</lineWidth>
<points>
<point x="642" y="169"/>
<point x="642" y="320"/>
<point x="642" y="417"/>
</points>
</Connector>
<Connector class="oracle.dbtools.crest.swingui.relational.TVFKRelation" oid="4E301396-056F-5FAA-74D9-2AD31F96A78F" otype="FKIndexAssociation" vid_source="9B0B7FD2-2AE3-6710-6A85-BFA415F64E9D" vid_target="E0181408-8C3B-AC38-9882-AE3543A4B1A4">
<hideElementsInCurrentOnly>false</hideElementsInCurrentOnly>
<backgroundColor>-16777216</backgroundColor>
<lineWidth>1</lineWidth>
<points>
<point x="897" y="100"/>
<point x="822" y="100"/>
<point x="726" y="100"/>
</points>
</Connector>
<Connector class="oracle.dbtools.crest.swingui.relational.TVFKRelation" oid="50C3C7B9-497C-9AF3-F6E7-14259B74D68E" otype="FKIndexAssociation" vid_source="52B70DC7-C861-D222-E1C1-4F8A00AFA36F" vid_target="FEA64501-D901-686B-BBB3-D61A2CC1BF28">
<hideElementsInCurrentOnly>false</hideElementsInCurrentOnly>
<backgroundColor>-16777216</backgroundColor>
<lineWidth>1</lineWidth>
<points>
<point x="469" y="956"/>
<point x="469" y="893"/>
<point x="469" y="813"/>
</points>
</Connector>
<Connector class="oracle.dbtools.crest.swingui.relational.TVFKRelation" oid="69111F1C-96EB-7DF2-2663-3224845A9BB9" otype="FKIndexAssociation" vid_source="6D1C7F4C-AFE3-774D-A8FD-2EB40229E9FC" vid_target="B5AC6FB2-4393-91B0-A142-CB7ED1236139">
<hideElementsInCurrentOnly>false</hideElementsInCurrentOnly>
<backgroundColor>-16777216</backgroundColor>
<lineWidth>1</lineWidth>
<points>
<point x="185" y="1187"/>
<point x="185" y="1029"/>
</points>
</Connector>
<Connector class="oracle.dbtools.crest.swingui.relational.TVFKRelation" oid="92B73497-E1FE-2624-8A08-BF0795727DA7" otype="FKIndexAssociation" vid_source="F3A3D583-1BE0-B5FA-EBB7-429F0CF38085" vid_target="B5AC6FB2-4393-91B0-A142-CB7ED1236139">
<hideElementsInCurrentOnly>false</hideElementsInCurrentOnly>
<backgroundColor>-16777216</backgroundColor>
<lineWidth>1</lineWidth>
<points>
<point x="192" y="769"/>
<point x="192" y="919"/>
</points>
</Connector>
<Connector class="oracle.dbtools.crest.swingui.relational.TVFKRelation" oid="9312BE79-228B-FA39-3386-E967873086F8" otype="FKIndexAssociation" vid_source="FBAEE106-997E-12AC-438C-49A8D125A75B" vid_target="8C8735A7-4EB4-316D-248C-234D5CC67B2E">
<hideElementsInCurrentOnly>false</hideElementsInCurrentOnly>
<backgroundColor>-16777216</backgroundColor>
<lineWidth>1</lineWidth>
<points>
<point x="947" y="708"/>
<point x="947" y="525"/>
<point x="786" y="525"/>
</points>
</Connector>
<Connector class="oracle.dbtools.crest.swingui.relational.TVFKRelation" oid="B1AA3245-7571-67E8-C944-7023663F094E" otype="FKIndexAssociation" vid_source="E0181408-8C3B-AC38-9882-AE3543A4B1A4" vid_target="18457A22-74A3-E5BE-FC75-945814B92A7D">
<hideElementsInCurrentOnly>false</hideElementsInCurrentOnly>
<backgroundColor>-16777216</backgroundColor>
<lineWidth>1</lineWidth>
<points>
<point x="520" y="169"/>
<point x="520" y="402"/>
</points>
</Connector>
<Connector class="oracle.dbtools.crest.swingui.relational.TVFKRelation" oid="B256058F-207E-28BB-BF34-F11543F28E9E" otype="FKIndexAssociation" vid_source="239EE347-0611-D1BA-3664-94EEE2BE9D74" vid_target="18457A22-74A3-E5BE-FC75-945814B92A7D">
<hideElementsInCurrentOnly>false</hideElementsInCurrentOnly>
<backgroundColor>-16777216</backgroundColor>
<lineWidth>1</lineWidth>
<points>
<point x="271" y="472"/>
<point x="380" y="472"/>
</points>
</Connector>
<Connector class="oracle.dbtools.crest.swingui.relational.TVFKRelation" oid="B8B0936F-A2DC-AFBF-171F-76E6DE311141" otype="FKIndexAssociation" vid_source="8C8735A7-4EB4-316D-248C-234D5CC67B2E" vid_target="FEA64501-D901-686B-BBB3-D61A2CC1BF28">
<hideElementsInCurrentOnly>false</hideElementsInCurrentOnly>
<backgroundColor>-16777216</backgroundColor>
<lineWidth>1</lineWidth>
<points>
<point x="612" y="572"/>
<point x="462" y="572"/>
<point x="462" y="703"/>
</points>
</Connector>
<Connector class="oracle.dbtools.crest.swingui.relational.TVFKRelation" oid="BF7231C3-423D-C436-015E-18F9D46AC6FF" otype="FKIndexAssociation" vid_source="91CFB8B6-5789-4A74-A7D6-02BE96E37DED" vid_target="E0181408-8C3B-AC38-9882-AE3543A4B1A4">
<hideElementsInCurrentOnly>false</hideElementsInCurrentOnly>
<backgroundColor>-16777216</backgroundColor>
<lineWidth>1</lineWidth>
<points>
<point x="277" y="186"/>
<point x="277" y="113"/>
<point x="460" y="113"/>
</points>
</Connector>
<Connector class="oracle.dbtools.crest.swingui.relational.TVFKRelation" oid="C781588B-0917-495B-EE96-1D329A45356C" otype="FKIndexAssociation" vid_source="9B0B7FD2-2AE3-6710-6A85-BFA415F64E9D" vid_target="8C8735A7-4EB4-316D-248C-234D5CC67B2E">
<hideElementsInCurrentOnly>false</hideElementsInCurrentOnly>
<backgroundColor>-16777216</backgroundColor>
<lineWidth>1</lineWidth>
<points>
<point x="897" y="170"/>
<point x="738" y="170"/>
<point x="738" y="417"/>
</points>
</Connector>
<Connector class="oracle.dbtools.crest.swingui.relational.TVFKRelation" oid="C7BF353F-4CBB-DB7F-1C24-862B649E4CB5" otype="FKIndexAssociation" vid_source="F3A3D583-1BE0-B5FA-EBB7-429F0CF38085" vid_target="239EE347-0611-D1BA-3664-94EEE2BE9D74">
<hideElementsInCurrentOnly>false</hideElementsInCurrentOnly>
<backgroundColor>-16777216</backgroundColor>
<lineWidth>1</lineWidth>
<points>
<point x="200" y="658"/>
<point x="200" y="512"/>
</points>
</Connector>
<Connector class="oracle.dbtools.crest.swingui.relational.TVFKRelation" oid="D6777737-E843-7FEE-127D-8186A4433E87" otype="FKIndexAssociation" vid_source="F4C8E371-C4C9-E43C-F045-E6955564BF36" vid_target="244F600F-77A0-1494-674A-E6987A951710">
<hideElementsInCurrentOnly>false</hideElementsInCurrentOnly>
<backgroundColor>-16777216</backgroundColor>
<lineWidth>1</lineWidth>
<points>
<point x="1192" y="701"/>
<point x="1192" y="394"/>
</points>
</Connector>
<Connector class="oracle.dbtools.crest.swingui.relational.TVFKRelation" oid="F318A92C-D20E-C5AE-5951-5D8B93987D4A" otype="FKIndexAssociation" vid_source="9B0B7FD2-2AE3-6710-6A85-BFA415F64E9D" vid_target="8C8735A7-4EB4-316D-248C-234D5CC67B2E">
<hideElementsInCurrentOnly>false</hideElementsInCurrentOnly>
<backgroundColor>-16777216</backgroundColor>
<lineWidth>1</lineWidth>
<points>
<point x="924" y="206"/>
<point x="924" y="459"/>
<point x="786" y="459"/>
</points>
</Connector>
<Connector class="oracle.dbtools.crest.swingui.relational.TVFKRelation" oid="FF6D7FC6-48E5-306D-F8E9-3539BA5DD2A6" otype="FKIndexAssociation" vid_source="679A5002-0AEE-57F4-C770-7B36BCF8F5C9" vid_target="52B70DC7-C861-D222-E1C1-4F8A00AFA36F">
<hideElementsInCurrentOnly>false</hideElementsInCurrentOnly>
<backgroundColor>-16777216</backgroundColor>
<lineWidth>1</lineWidth>
<points>
<point x="866" y="1003"/>
<point x="728" y="1003"/>
<point x="569" y="1003"/>
</points>
</Connector>
</connectors>
</Diagram>