<?xml version = '1.0' encoding = 'UTF-8'?>
<Table class="oracle.dbtools.crest.model.design.relational.Table" directorySegmentName="seg_0" id="17EBBF32-3DF1-B562-79BF-6C30246FA64F" name="DOCTOR">
<createdBy>farhadullahrezwan</createdBy>
<createdTime>2019-04-29 14:55:37 UTC</createdTime>
<generatorID>80907D7C-6AC8-490C-3947-29DFEEA740F4</generatorID>
<ownerDesignName>mh_logical_model</ownerDesignName>
<allowColumnReorder>false</allowColumnReorder>
<existDependencyGenerateInDDl>true</existDependencyGenerateInDDl>
<parsed>true</parsed>
<columns itemClass="oracle.dbtools.crest.model.design.relational.Column">
<Column name="doctor_id" id="24727CA1-6033-B6E9-A965-32728B376BCA">
<createdBy>farhadullahrezwan</createdBy>
<createdTime>2019-04-29 14:55:37 UTC</createdTime>
<commentInRDBMS>doctor_id: doctor id</commentInRDBMS>
<generatorID>E4FE1F73-41C5-75F7-4296-DF68591F3E32</generatorID>
<ownerDesignName>mh_logical_model</ownerDesignName>
<useDomainConstraints>false</useDomainConstraints>
<use>1</use>
<logicalDatatype>LOGDT019</logicalDatatype>
<dataTypePrecision>4</dataTypePrecision>
<ownDataTypeParameters>,4,</ownDataTypeParameters>
<autoIncrementCycle>false</autoIncrementCycle>
</Column>
<Column name="doctor_fname" id="272F29EB-3330-6CA6-8845-6818C4687A61">
<createdBy>farhadullahrezwan</createdBy>
<createdTime>2019-04-29 14:55:37 UTC</createdTime>
<commentInRDBMS>doctor_fname: doctor first name</commentInRDBMS>
<generatorID>6AA71F86-B783-8821-D68E-B80B5159A792</generatorID>
<ownerDesignName>mh_logical_model</ownerDesignName>
<useDomainConstraints>false</useDomainConstraints>
<use>1</use>
<logicalDatatype>LOGDT024</logicalDatatype>
<dataTypeSize>50</dataTypeSize>
<ownDataTypeParameters>50,,</ownDataTypeParameters>
<autoIncrementCycle>false</autoIncrementCycle>
</Column>
<Column name="doctor_lname" id="9287E3DF-F5D9-6C41-B9E5-A3E626BA9AD5">
<createdBy>farhadullahrezwan</createdBy>
<createdTime>2019-04-29 14:55:37 UTC</createdTime>
<commentInRDBMS>doctor_lname: doctor last name</commentInRDBMS>
<generatorID>51B01AAE-C1AB-C1FC-88D0-AB99A1F79955</generatorID>
<ownerDesignName>mh_logical_model</ownerDesignName>
<useDomainConstraints>false</useDomainConstraints>
<use>1</use>
<logicalDatatype>LOGDT024</logicalDatatype>
<dataTypeSize>50</dataTypeSize>
<ownDataTypeParameters>50,,</ownDataTypeParameters>
<autoIncrementCycle>false</autoIncrementCycle>
</Column>
<Column name="doctor_phone" id="BF8C8901-D5B5-C112-86A7-532C4FBA8CC2">
<createdBy>farhadullahrezwan</createdBy>
<createdTime>2019-04-29 14:55:37 UTC</createdTime>
<commentInRDBMS>doctor_phone: doctor phone number</commentInRDBMS>
<generatorID>08B5FBBC-2B09-FA93-F0F7-38F5FAFB8695</generatorID>
<ownerDesignName>mh_logical_model</ownerDesignName>
<useDomainConstraints>false</useDomainConstraints>
<use>1</use>
<logicalDatatype>LOGDT025</logicalDatatype>
<dataTypeSize>10</dataTypeSize>
<ownDataTypeParameters>10,,</ownDataTypeParameters>
<autoIncrementCycle>false</autoIncrementCycle>
</Column>
</columns>
<indexes itemClass="oracle.dbtools.crest.model.design.relational.Index">
<ind_PK_UK id="E957BDFA-2C27-063E-1764-CE6815E7FA73" name="DOCTOR_PK">
<createdBy>farhadullahrezwan</createdBy>
<createdTime>2019-04-29 14:55:37 UTC</createdTime>
<generatorID>5CE899FA-7D04-6F64-2120-E33BDDBE281F</generatorID>
<ownerDesignName>mh_logical_model</ownerDesignName>
<pk>true</pk>
<indexState>Primary Constraint</indexState>
<isSurrogateKey>false</isSurrogateKey>
<indexColumnUsage>
<colUsage columnID="24727CA1-6033-B6E9-A965-32728B376BCA"/>
</indexColumnUsage>
</ind_PK_UK>
</indexes>
</Table>