<?xml version = '1.0' encoding = 'UTF-8'?>
<Table class="oracle.dbtools.crest.model.design.relational.Table" directorySegmentName="seg_0" id="505A2174-C875-7739-62B6-BB7F9A35EE1B" name="COST-CENTRE">
<createdBy>farhadullahrezwan</createdBy>
<createdTime>2019-04-29 14:55:37 UTC</createdTime>
<generatorID>3D9B5AF8-3563-0AF9-2F74-8E9B26C4220D</generatorID>
<ownerDesignName>mh_logical_model</ownerDesignName>
<allowColumnReorder>false</allowColumnReorder>
<existDependencyGenerateInDDl>true</existDependencyGenerateInDDl>
<parsed>true</parsed>
<columns itemClass="oracle.dbtools.crest.model.design.relational.Column">
<Column name="centre_code" id="77830DF8-9578-D690-DCE9-3D247BDB5680">
<createdBy>farhadullahrezwan</createdBy>
<createdTime>2019-04-29 14:55:37 UTC</createdTime>
<commentInRDBMS>centre_code: cost centre code</commentInRDBMS>
<generatorID>FF163BE9-EC9C-40AF-C956-0CA19508C9D3</generatorID>
<ownerDesignName>mh_logical_model</ownerDesignName>
<useDomainConstraints>false</useDomainConstraints>
<use>1</use>
<logicalDatatype>LOGDT019</logicalDatatype>
<dataTypePrecision>5</dataTypePrecision>
<ownDataTypeParameters>,5,</ownDataTypeParameters>
<autoIncrementCycle>false</autoIncrementCycle>
</Column>
<Column name="centre_title" id="B122262A-3A36-54FB-E5ED-96B65863F618">
<createdBy>farhadullahrezwan</createdBy>
<createdTime>2019-04-29 14:55:37 UTC</createdTime>
<commentInRDBMS>centre_title: cost centre title</commentInRDBMS>
<generatorID>93C72470-D680-F1FB-0E99-22CC682FADF0</generatorID>
<ownerDesignName>mh_logical_model</ownerDesignName>
<useDomainConstraints>false</useDomainConstraints>
<use>1</use>
<logicalDatatype>LOGDT024</logicalDatatype>
<dataTypeSize>50</dataTypeSize>
<ownDataTypeParameters>50,,</ownDataTypeParameters>
<autoIncrementCycle>false</autoIncrementCycle>
</Column>
<Column name="manager_name" id="83952722-AE20-C902-1A41-9324C609C701">
<createdBy>farhadullahrezwan</createdBy>
<createdTime>2019-04-29 14:55:37 UTC</createdTime>
<commentInRDBMS>manager_name: manager name</commentInRDBMS>
<generatorID>8EA11DA0-001D-78F0-191C-276A2F630F1C</generatorID>
<ownerDesignName>mh_logical_model</ownerDesignName>
<useDomainConstraints>false</useDomainConstraints>
<use>1</use>
<logicalDatatype>LOGDT024</logicalDatatype>
<dataTypeSize>50</dataTypeSize>
<ownDataTypeParameters>50,,</ownDataTypeParameters>
<autoIncrementCycle>false</autoIncrementCycle>
</Column>
</columns>
<indexes itemClass="oracle.dbtools.crest.model.design.relational.Index">
<ind_PK_UK id="337743FB-2593-831B-629F-FA7DA6D33B42" name="COST_CENTRE_PK">
<createdBy>farhadullahrezwan</createdBy>
<createdTime>2019-04-29 14:55:37 UTC</createdTime>
<generatorID>85FE6E91-0859-6C8D-74EF-8FD3E3D1679F</generatorID>
<ownerDesignName>mh_logical_model</ownerDesignName>
<pk>true</pk>
<indexState>Primary Constraint</indexState>
<isSurrogateKey>false</isSurrogateKey>
<indexColumnUsage>
<colUsage columnID="77830DF8-9578-D690-DCE9-3D247BDB5680"/>
</indexColumnUsage>
</ind_PK_UK>
</indexes>
</Table>