<?xml version = '1.0' encoding = 'UTF-8'?>
<Table class="oracle.dbtools.crest.model.design.relational.Table" directorySegmentName="seg_0" id="B70D3AA1-71DD-1D3D-3122-4164EB5F2B82" name="B-ASSIGNMENT">
<createdBy>farhadullahrezwan</createdBy>
<createdTime>2019-04-29 14:55:37 UTC</createdTime>
<generatorID>4E665685-DA47-226B-F171-F6E10E581C5B</generatorID>
<ownerDesignName>mh_logical_model</ownerDesignName>
<allowColumnReorder>false</allowColumnReorder>
<existDependencyGenerateInDDl>true</existDependencyGenerateInDDl>
<parsed>true</parsed>
<columns itemClass="oracle.dbtools.crest.model.design.relational.Column">
<Column name="adm_number" id="51843D18-C1BF-87C3-C3B3-959B61A3A082">
<createdBy>farhadullahrezwan</createdBy>
<createdTime>2019-04-29 14:55:37 UTC</createdTime>
<commentInRDBMS>adm_number: surrogate key added to entity</commentInRDBMS>
<generatorID>0E1FCE4A-2177-87CE-E75B-321A1A941E94</generatorID>
<ownerDesignName>mh_logical_model</ownerDesignName>
<useDomainConstraints>false</useDomainConstraints>
<use>1</use>
<logicalDatatype>LOGDT019</logicalDatatype>
<dataTypePrecision>6</dataTypePrecision>
<ownDataTypeParameters>,,</ownDataTypeParameters>
<previousColumn>false</previousColumn>
<autoIncrementCycle>false</autoIncrementCycle>
<associations>
<colAssociation fkAssociation="AC8D9226-B50F-07A4-BE96-B6DE6676B4E9" referredColumn="EF3D1F63-6E65-E3DD-9A19-3723552D49C9"/>
</associations>
</Column>
<Column name="bed_number" id="3321B3B3-E43D-53A9-F6CA-DC07DCBDDC05">
<createdBy>farhadullahrezwan</createdBy>
<createdTime>2019-04-29 14:55:37 UTC</createdTime>
<commentInRDBMS>bed_number: bed number within a particular ward</commentInRDBMS>
<generatorID>59D1A78F-38B3-DDB0-97DA-D89E8F677A9D</generatorID>
<ownerDesignName>mh_logical_model</ownerDesignName>
<useDomainConstraints>false</useDomainConstraints>
<use>1</use>
<logicalDatatype>LOGDT019</logicalDatatype>
<dataTypePrecision>3</dataTypePrecision>
<ownDataTypeParameters>,,</ownDataTypeParameters>
<previousColumn>false</previousColumn>
<autoIncrementCycle>false</autoIncrementCycle>
<associations>
<colAssociation fkAssociation="2FF6038F-81FF-19C3-0879-D3CB69086F6F" referredColumn="D58B95B0-C970-D07F-C212-3752128AC3FC"/>
</associations>
</Column>
<Column name="ward_code" id="4646ABD7-A063-8A58-1FA1-149FFC0944E8">
<createdBy>farhadullahrezwan</createdBy>
<createdTime>2019-04-29 14:55:37 UTC</createdTime>
<commentInRDBMS>ward_code: ward code</commentInRDBMS>
<generatorID>E48832B2-BF06-B831-5936-4DC8CB618092</generatorID>
<ownerDesignName>mh_logical_model</ownerDesignName>
<useDomainConstraints>false</useDomainConstraints>
<use>1</use>
<logicalDatatype>LOGDT019</logicalDatatype>
<dataTypePrecision>3</dataTypePrecision>
<ownDataTypeParameters>,,</ownDataTypeParameters>
<previousColumn>false</previousColumn>
<autoIncrementCycle>false</autoIncrementCycle>
<associations>
<colAssociation fkAssociation="2FF6038F-81FF-19C3-0879-D3CB69086F6F" referredColumn="7DA1F036-B3AA-E0F7-72FC-8D06637E0367"/>
</associations>
</Column>
<Column name="patient_id" id="B370AB52-F95D-FE06-B610-60932D8F135E">
<createdBy>farhadullahrezwan</createdBy>
<createdTime>2019-04-29 14:55:37 UTC</createdTime>
<commentInRDBMS>patient_id: unique patient id</commentInRDBMS>
<generatorID>F442C8FD-0FD0-62F1-BB8C-4184FB1893DC</generatorID>
<ownerDesignName>mh_logical_model</ownerDesignName>
<useDomainConstraints>false</useDomainConstraints>
<use>1</use>
<logicalDatatype>LOGDT019</logicalDatatype>
<dataTypePrecision>6</dataTypePrecision>
<ownDataTypeParameters>,,</ownDataTypeParameters>
<previousColumn>false</previousColumn>
<autoIncrementCycle>false</autoIncrementCycle>
<associations>
<colAssociation fkAssociation="AC8D9226-B50F-07A4-BE96-B6DE6676B4E9" referredColumn="F598EDA8-8C84-06E5-16B0-CC3C61BC4CAD"/>
</associations>
</Column>
</columns>
<indexes itemClass="oracle.dbtools.crest.model.design.relational.Index">
<ind_PK_UK id="EA173DE5-03D2-5555-22A6-7F37E1697B7A" name="BEDASSIGNMENT_PK">
<createdBy>farhadullahrezwan</createdBy>
<createdTime>2019-04-29 14:55:37 UTC</createdTime>
<generatorID>305D8F78-D954-D48C-5258-60A7649254A7</generatorID>
<ownerDesignName>mh_logical_model</ownerDesignName>
<pk>true</pk>
<indexState>Primary Constraint</indexState>
<isSurrogateKey>false</isSurrogateKey>
<indexColumnUsage>
<colUsage columnID="B370AB52-F95D-FE06-B610-60932D8F135E"/>
<colUsage columnID="51843D18-C1BF-87C3-C3B3-959B61A3A082"/>
<colUsage columnID="3321B3B3-E43D-53A9-F6CA-DC07DCBDDC05"/>
<colUsage columnID="4646ABD7-A063-8A58-1FA1-149FFC0944E8"/>
</indexColumnUsage>
</ind_PK_UK>
<ind_PK_UK id="86FF1F61-01C8-836A-180B-B71921DB9898" name="bed_b-assignment">
<createdBy>farhadullahrezwan</createdBy>
<createdTime>2019-04-29 14:55:37 UTC</createdTime>
<generatorID>D61E4573-8FEE-9B27-1402-84D4C35A2C50</generatorID>
<ownerDesignName>mh_logical_model</ownerDesignName>
<indexState>Foreign Key</indexState>
<isSurrogateKey>false</isSurrogateKey>
<indexColumnUsage>
<colUsage columnID="3321B3B3-E43D-53A9-F6CA-DC07DCBDDC05"/>
<colUsage columnID="4646ABD7-A063-8A58-1FA1-149FFC0944E8"/>
</indexColumnUsage>
</ind_PK_UK>
<ind_PK_UK id="9E32F09F-DB1D-8BDD-A535-E4D0A074E87F" name="pat-admission_b-assignment">
<createdBy>farhadullahrezwan</createdBy>
<createdTime>2019-04-29 14:55:37 UTC</createdTime>
<generatorID>75D5BCC4-DA47-15C9-0B0E-FC4B13701B96</generatorID>
<ownerDesignName>mh_logical_model</ownerDesignName>
<indexState>Foreign Key</indexState>
<isSurrogateKey>false</isSurrogateKey>
<indexColumnUsage>
<colUsage columnID="B370AB52-F95D-FE06-B610-60932D8F135E"/>
<colUsage columnID="51843D18-C1BF-87C3-C3B3-959B61A3A082"/>
</indexColumnUsage>
</ind_PK_UK>
</indexes>
</Table>