<?xml version = '1.0' encoding = 'UTF-8'?>
<Table class="oracle.dbtools.crest.model.design.relational.Table" directorySegmentName="seg_0" id="DD1F6237-4292-E8AA-947C-2BF70CE99012" name="BED">
<createdBy>farhadullahrezwan</createdBy>
<createdTime>2019-04-29 14:55:37 UTC</createdTime>
<generatorID>1B06B0DD-D323-5B10-4AD7-BFF0ABDF5EA1</generatorID>
<ownerDesignName>mh_logical_model</ownerDesignName>
<allowColumnReorder>false</allowColumnReorder>
<existDependencyGenerateInDDl>true</existDependencyGenerateInDDl>
<parsed>true</parsed>
<columns itemClass="oracle.dbtools.crest.model.design.relational.Column">
<Column name="bed_number" id="D58B95B0-C970-D07F-C212-3752128AC3FC">
<createdBy>farhadullahrezwan</createdBy>
<createdTime>2019-04-29 14:55:37 UTC</createdTime>
<commentInRDBMS>bed_number: bed number within a particular ward</commentInRDBMS>
<generatorID>38032291-C86A-22E2-72DA-482EC2217417</generatorID>
<ownerDesignName>mh_logical_model</ownerDesignName>
<useDomainConstraints>false</useDomainConstraints>
<use>1</use>
<logicalDatatype>LOGDT019</logicalDatatype>
<dataTypePrecision>3</dataTypePrecision>
<ownDataTypeParameters>,3,</ownDataTypeParameters>
<autoIncrementCycle>false</autoIncrementCycle>
</Column>
<Column name="bed_phone_no" id="86C36C34-699E-0C71-EF9E-477CA50B4153">
<createdBy>farhadullahrezwan</createdBy>
<createdTime>2019-04-29 14:55:37 UTC</createdTime>
<commentInRDBMS>bed_phone_no: bedside telephone number</commentInRDBMS>
<generatorID>23816EFF-046E-CDC3-9C8A-E7AE4E6F0F55</generatorID>
<ownerDesignName>mh_logical_model</ownerDesignName>
<nullsAllowed>true</nullsAllowed>
<useDomainConstraints>false</useDomainConstraints>
<use>1</use>
<logicalDatatype>LOGDT025</logicalDatatype>
<dataTypeSize>10</dataTypeSize>
<ownDataTypeParameters>10,,</ownDataTypeParameters>
<autoIncrementCycle>false</autoIncrementCycle>
</Column>
<Column name="bed_type" id="F01F02A5-4BFD-F6EF-B001-24538350D5D6">
<createdBy>farhadullahrezwan</createdBy>
<createdTime>2019-04-29 14:55:37 UTC</createdTime>
<commentInRDBMS>bed_type: beds are classified as either fixed or adjustable</commentInRDBMS>
<generatorID>F204296D-7C1D-B414-43CB-52DB5109D141</generatorID>
<ownerDesignName>mh_logical_model</ownerDesignName>
<constraintName>chk_bedtype</constraintName>
<useDomainConstraints>false</useDomainConstraints>
<use>1</use>
<logicalDatatype>LOGDT025</logicalDatatype>
<dataTypeSize>10</dataTypeSize>
<listOfValues>
<valueDef value="adjustable" description="bed type is adjustable"/>
<valueDef value="fixed" description="bed type is fixed"/>
</listOfValues>
<ownDataTypeParameters>10,,</ownDataTypeParameters>
<autoIncrementCycle>false</autoIncrementCycle>
</Column>
<Column name="ward_code" id="7DA1F036-B3AA-E0F7-72FC-8D06637E0367">
<createdBy>farhadullahrezwan</createdBy>
<createdTime>2019-04-29 14:55:37 UTC</createdTime>
<commentInRDBMS>ward_code: ward code</commentInRDBMS>
<generatorID>2AD3444B-E817-60B1-CF67-A19EF33E1703</generatorID>
<ownerDesignName>mh_logical_model</ownerDesignName>
<useDomainConstraints>false</useDomainConstraints>
<use>1</use>
<logicalDatatype>LOGDT019</logicalDatatype>
<dataTypePrecision>3</dataTypePrecision>
<ownDataTypeParameters>,,</ownDataTypeParameters>
<previousColumn>false</previousColumn>
<autoIncrementCycle>false</autoIncrementCycle>
<associations>
<colAssociation fkAssociation="5A6BF5FC-0C64-D71E-BF22-36AE7981AF6E" referredColumn="607D12FB-0171-4F9A-3FDE-96AE0AB42FAD"/>
</associations>
</Column>
</columns>
<indexes itemClass="oracle.dbtools.crest.model.design.relational.Index">
<ind_PK_UK id="5A771667-C2C6-5297-2C1F-E75F04334C2F" name="BED_PK">
<createdBy>farhadullahrezwan</createdBy>
<createdTime>2019-04-29 14:55:37 UTC</createdTime>
<generatorID>0FD568B4-1906-E733-FB35-9D3827E88FDA</generatorID>
<ownerDesignName>mh_logical_model</ownerDesignName>
<pk>true</pk>
<indexState>Primary Constraint</indexState>
<isSurrogateKey>false</isSurrogateKey>
<indexColumnUsage>
<colUsage columnID="D58B95B0-C970-D07F-C212-3752128AC3FC"/>
<colUsage columnID="7DA1F036-B3AA-E0F7-72FC-8D06637E0367"/>
</indexColumnUsage>
</ind_PK_UK>
<ind_PK_UK id="A43978D9-A7AA-6993-2DD7-07335BC945C9" name="ward_bed">
<createdBy>farhadullahrezwan</createdBy>
<createdTime>2019-04-29 14:55:37 UTC</createdTime>
<generatorID>A75CD2C6-A425-FB8E-F9C1-0E20F6EA0FAA</generatorID>
<ownerDesignName>mh_logical_model</ownerDesignName>
<indexState>Foreign Key</indexState>
<isSurrogateKey>false</isSurrogateKey>
<indexColumnUsage>
<colUsage columnID="7DA1F036-B3AA-E0F7-72FC-8D06637E0367"/>
</indexColumnUsage>
</ind_PK_UK>
</indexes>
</Table>