<?xml version = '1.0' encoding = 'UTF-8'?>
<Table class="oracle.dbtools.crest.model.design.relational.Table" directorySegmentName="seg_0" id="EA6C9053-D1C6-45CF-2884-9AFC72187CFF" name="PAT-PROCEDURE">
<createdBy>farhadullahrezwan</createdBy>
<createdTime>2019-04-29 14:55:37 UTC</createdTime>
<generatorID>1B37467E-7324-891F-E987-26961995C226</generatorID>
<ownerDesignName>mh_logical_model</ownerDesignName>
<allowColumnReorder>false</allowColumnReorder>
<existDependencyGenerateInDDl>true</existDependencyGenerateInDDl>
<parsed>true</parsed>
<columns itemClass="oracle.dbtools.crest.model.design.relational.Column">
<Column name="carried_out_on" id="F291AE8B-7634-1607-1509-FD559312AFC6">
<createdBy>farhadullahrezwan</createdBy>
<createdTime>2019-04-29 14:55:37 UTC</createdTime>
<commentInRDBMS>carried_out_on: procedure carried out on</commentInRDBMS>
<generatorID>BC91F747-807F-E32E-91E8-9AF1F7B11518</generatorID>
<ownerDesignName>mh_logical_model</ownerDesignName>
<useDomainConstraints>false</useDomainConstraints>
<use>1</use>
<logicalDatatype>LOGDT007</logicalDatatype>
<ownDataTypeParameters>,,</ownDataTypeParameters>
<autoIncrementCycle>false</autoIncrementCycle>
</Column>
<Column name="procedure_code" id="96842E46-B39C-5B81-DFA7-7314CF60B241">
<createdBy>farhadullahrezwan</createdBy>
<createdTime>2019-04-29 14:55:37 UTC</createdTime>
<commentInRDBMS>procedure_code: procedure code</commentInRDBMS>
<generatorID>8C7B6DA7-1B11-61D2-8D9C-43040322CEC2</generatorID>
<ownerDesignName>mh_logical_model</ownerDesignName>
<useDomainConstraints>false</useDomainConstraints>
<use>1</use>
<logicalDatatype>LOGDT019</logicalDatatype>
<dataTypePrecision>5</dataTypePrecision>
<ownDataTypeParameters>,5,</ownDataTypeParameters>
<autoIncrementCycle>false</autoIncrementCycle>
</Column>
<Column name="procedure_charge" id="EFE89519-4DFE-DC77-5F8D-0871DF6234DF">
<createdBy>farhadullahrezwan</createdBy>
<createdTime>2019-04-29 14:55:37 UTC</createdTime>
<commentInRDBMS>procedure_charge: procedure charge to patient</commentInRDBMS>
<generatorID>C8D1EB47-14FA-A211-DB6B-3EA7CEE181AC</generatorID>
<ownerDesignName>mh_logical_model</ownerDesignName>
<nullsAllowed>true</nullsAllowed>
<useDomainConstraints>false</useDomainConstraints>
<use>1</use>
<logicalDatatype>LOGDT019</logicalDatatype>
<dataTypePrecision>7</dataTypePrecision>
<dataTypeScale>2</dataTypeScale>
<ownDataTypeParameters>,7,2</ownDataTypeParameters>
<autoIncrementCycle>false</autoIncrementCycle>
</Column>
<Column name="totalextras_charges" id="CC74B3E4-1027-FA42-CC28-02ED72021EFF">
<createdBy>farhadullahrezwan</createdBy>
<createdTime>2019-04-29 14:55:37 UTC</createdTime>
<commentInRDBMS>totalextras_charges: total extras charges to patient</commentInRDBMS>
<generatorID>AEC18B4B-2AAC-6704-FF48-6F5C8A4781DE</generatorID>
<ownerDesignName>mh_logical_model</ownerDesignName>
<nullsAllowed>true</nullsAllowed>
<useDomainConstraints>false</useDomainConstraints>
<use>1</use>
<logicalDatatype>LOGDT019</logicalDatatype>
<dataTypePrecision>7</dataTypePrecision>
<dataTypeScale>2</dataTypeScale>
<ownDataTypeParameters>,7,2</ownDataTypeParameters>
<autoIncrementCycle>false</autoIncrementCycle>
</Column>
<Column name="adm_number" id="317F3340-A0D3-C614-088C-C13AF3A15411">
<createdBy>farhadullahrezwan</createdBy>
<createdTime>2019-04-29 14:55:37 UTC</createdTime>
<commentInRDBMS>adm_number: surrogate key added to entity</commentInRDBMS>
<generatorID>D1C6B78A-FE86-952F-E7F3-B8E6ED8B26C3</generatorID>
<ownerDesignName>mh_logical_model</ownerDesignName>
<useDomainConstraints>false</useDomainConstraints>
<use>1</use>
<logicalDatatype>LOGDT019</logicalDatatype>
<dataTypePrecision>6</dataTypePrecision>
<ownDataTypeParameters>,,</ownDataTypeParameters>
<previousColumn>false</previousColumn>
<autoIncrementCycle>false</autoIncrementCycle>
<associations>
<colAssociation fkAssociation="A09EC66C-0D12-A2B2-70D9-C8ADDAC0A52E" referredColumn="EF3D1F63-6E65-E3DD-9A19-3723552D49C9"/>
</associations>
</Column>
<Column name="procedure_code1" id="486D3B95-F65F-72AC-6228-234738540BFC">
<createdBy>farhadullahrezwan</createdBy>
<createdTime>2019-04-29 14:55:37 UTC</createdTime>
<commentInRDBMS>procedure_code: procedure code</commentInRDBMS>
<generatorID>3F1FE96C-E0AE-CF5F-96CB-39C66289E7A9</generatorID>
<ownerDesignName>mh_logical_model</ownerDesignName>
<useDomainConstraints>false</useDomainConstraints>
<use>1</use>
<logicalDatatype>LOGDT019</logicalDatatype>
<dataTypePrecision>5</dataTypePrecision>
<ownDataTypeParameters>,,</ownDataTypeParameters>
<previousColumn>false</previousColumn>
<autoIncrementCycle>false</autoIncrementCycle>
<associations>
<colAssociation fkAssociation="C4599852-8F84-5AB9-83A3-E2E4F8C7BA36" referredColumn="C34C5888-A3AC-4445-D5F6-E0BE9132ABDB"/>
</associations>
</Column>
<Column name="reqdoctor_id" id="60E786D7-5964-3608-8AF3-4769216D4A22">
<createdBy>farhadullahrezwan</createdBy>
<createdTime>2019-04-29 14:55:37 UTC</createdTime>
<commentInRDBMS>doctor_id: doctor id</commentInRDBMS>
<generatorID>2EF475C0-C906-1E2E-FE79-799079ACB67B</generatorID>
<ownerDesignName>mh_logical_model</ownerDesignName>
<nullsAllowed>true</nullsAllowed>
<useDomainConstraints>false</useDomainConstraints>
<use>1</use>
<logicalDatatype>LOGDT019</logicalDatatype>
<dataTypePrecision>4</dataTypePrecision>
<ownDataTypeParameters>,,</ownDataTypeParameters>
<previousColumn>false</previousColumn>
<autoIncrementCycle>false</autoIncrementCycle>
<associations>
<colAssociation fkAssociation="64885778-347F-DFE6-A708-338A734F5EA5" referredColumn="24727CA1-6033-B6E9-A965-32728B376BCA"/>
</associations>
</Column>
<Column name="doccarried_id" id="8457FD10-5E7D-89AF-00FF-C4C34875E4FE">
<createdBy>farhadullahrezwan</createdBy>
<createdTime>2019-04-29 14:55:37 UTC</createdTime>
<commentInRDBMS>doctor_id: doctor id</commentInRDBMS>
<generatorID>E7D2985C-EF2D-D5A2-A85A-DA325047CBBE</generatorID>
<ownerDesignName>mh_logical_model</ownerDesignName>
<useDomainConstraints>false</useDomainConstraints>
<use>1</use>
<logicalDatatype>LOGDT019</logicalDatatype>
<dataTypePrecision>4</dataTypePrecision>
<ownDataTypeParameters>,,</ownDataTypeParameters>
<previousColumn>false</previousColumn>
<autoIncrementCycle>false</autoIncrementCycle>
<associations>
<colAssociation fkAssociation="3ADE5957-52DC-37F5-6151-2BC3B9425F23" referredColumn="24727CA1-6033-B6E9-A965-32728B376BCA"/>
</associations>
</Column>
<Column name="patient_id" id="46E7D2A5-B644-DF25-6299-8951E5BBA94F">
<createdBy>farhadullahrezwan</createdBy>
<createdTime>2019-04-29 14:55:37 UTC</createdTime>
<commentInRDBMS>patient_id: unique patient id</commentInRDBMS>
<generatorID>79A68F70-6B8F-5676-B136-E2ECA8D5CADE</generatorID>
<ownerDesignName>mh_logical_model</ownerDesignName>
<useDomainConstraints>false</useDomainConstraints>
<use>1</use>
<logicalDatatype>LOGDT019</logicalDatatype>
<dataTypePrecision>6</dataTypePrecision>
<ownDataTypeParameters>,,</ownDataTypeParameters>
<previousColumn>false</previousColumn>
<autoIncrementCycle>false</autoIncrementCycle>
<associations>
<colAssociation fkAssociation="A09EC66C-0D12-A2B2-70D9-C8ADDAC0A52E" referredColumn="F598EDA8-8C84-06E5-16B0-CC3C61BC4CAD"/>
</associations>
</Column>
</columns>
<indexes itemClass="oracle.dbtools.crest.model.design.relational.Index">
<ind_PK_UK id="F12D64FD-14AA-6D71-4C0D-A64C4DB9CFEB" name="PATIENT_PROCEDURE_PK">
<createdBy>farhadullahrezwan</createdBy>
<createdTime>2019-04-29 14:55:37 UTC</createdTime>
<generatorID>49692CA3-6C40-DE3C-75B3-A94E4BE03CDE</generatorID>
<ownerDesignName>mh_logical_model</ownerDesignName>
<pk>true</pk>
<indexState>Primary Constraint</indexState>
<isSurrogateKey>false</isSurrogateKey>
<indexColumnUsage>
<colUsage columnID="46E7D2A5-B644-DF25-6299-8951E5BBA94F"/>
<colUsage columnID="317F3340-A0D3-C614-088C-C13AF3A15411"/>
<colUsage columnID="F291AE8B-7634-1607-1509-FD559312AFC6"/>
<colUsage columnID="486D3B95-F65F-72AC-6228-234738540BFC"/>
</indexColumnUsage>
</ind_PK_UK>
<ind_PK_UK id="5A733213-FE7F-02DD-D3E0-9013392A8007" name="doctor_pat-procedure">
<createdBy>farhadullahrezwan</createdBy>
<createdTime>2019-04-29 14:55:37 UTC</createdTime>
<generatorID>8B984EC4-FA8A-5164-EB9F-B6A08A8F6BE0</generatorID>
<ownerDesignName>mh_logical_model</ownerDesignName>
<indexState>Foreign Key</indexState>
<isSurrogateKey>false</isSurrogateKey>
<indexColumnUsage>
<colUsage columnID="60E786D7-5964-3608-8AF3-4769216D4A22"/>
</indexColumnUsage>
</ind_PK_UK>
<ind_PK_UK id="8472B5E1-CF0F-E320-E92A-20B8B8358EEE" name="doctor_pat-procedurev2">
<createdBy>farhadullahrezwan</createdBy>
<createdTime>2019-04-29 14:55:37 UTC</createdTime>
<generatorID>EC2AC6AB-001A-9A9B-ABEC-CA11304E78D8</generatorID>
<ownerDesignName>mh_logical_model</ownerDesignName>
<indexState>Foreign Key</indexState>
<isSurrogateKey>false</isSurrogateKey>
<indexColumnUsage>
<colUsage columnID="8457FD10-5E7D-89AF-00FF-C4C34875E4FE"/>
</indexColumnUsage>
</ind_PK_UK>
<ind_PK_UK id="1E08983C-A80C-6F22-2448-754FE87B3D16" name="pat-admission_pat-procedure">
<createdBy>farhadullahrezwan</createdBy>
<createdTime>2019-04-29 14:55:37 UTC</createdTime>
<generatorID>C700E7B0-0441-07F8-566B-B8C79FA453A0</generatorID>
<ownerDesignName>mh_logical_model</ownerDesignName>
<indexState>Foreign Key</indexState>
<isSurrogateKey>false</isSurrogateKey>
<indexColumnUsage>
<colUsage columnID="46E7D2A5-B644-DF25-6299-8951E5BBA94F"/>
<colUsage columnID="317F3340-A0D3-C614-088C-C13AF3A15411"/>
</indexColumnUsage>
</ind_PK_UK>
<ind_PK_UK id="74322212-186A-78CB-EBC6-DED8799CEAC0" name="procedure_pat-procedure">
<createdBy>farhadullahrezwan</createdBy>
<createdTime>2019-04-29 14:55:37 UTC</createdTime>
<generatorID>E9DCF463-DD71-B4F2-86F2-2498160569ED</generatorID>
<ownerDesignName>mh_logical_model</ownerDesignName>
<indexState>Foreign Key</indexState>
<isSurrogateKey>false</isSurrogateKey>
<indexColumnUsage>
<colUsage columnID="486D3B95-F65F-72AC-6228-234738540BFC"/>
</indexColumnUsage>
</ind_PK_UK>
</indexes>
</Table>