<?xml version = '1.0' encoding = 'UTF-8'?>
<Diagram class="oracle.dbtools.crest.swingui.relational.DPVRelational" name="Relational_1" id="8D674C1D-8668-2721-D133-3112EC38DC3B">
<createdBy>farhadullahrezwan</createdBy>
<modifiedBy>farhadullahrezwan</modifiedBy>
<createdTime>2019-04-30 14:42:11 UTC</createdTime>
<autoRoute>false</autoRoute>
<boxInbox>true</boxInbox>
<showLegend>false</showLegend>
<showLabels>false</showLabels>
<showRelAttributes>false</showRelAttributes>
<gridEnabled>false</gridEnabled>
<showGrid>false</showGrid>
<diagramColor>-1</diagramColor>
<display>false</display>
<notation>1</notation>
<objectViews>
<OView class="oracle.dbtools.crest.swingui.relational.TVTable" oid="0B946C0D-17CB-8914-5720-6CF25F0FC519" otype="Table" vid="15080A00-E3D7-BCA9-845A-E94C74C04025">
<hideElementsInCurrentOnly>false</hideElementsInCurrentOnly>
<bounds x="85" y="919" width="170" height="110"/>
</OView>
<OView class="oracle.dbtools.crest.swingui.relational.TVTable" oid="466BC56A-4A4D-1CDB-92C2-8D551A5004CB" otype="Table" vid="8D9F2AFF-F022-FDCE-8DBF-BACD67D97A3A">
<hideElementsInCurrentOnly>false</hideElementsInCurrentOnly>
<bounds x="866" y="953" width="170" height="114"/>
</OView>
<OView class="oracle.dbtools.crest.swingui.relational.TVTable" oid="53D77073-1B41-A33B-ECC3-832B9ACDC3A7" otype="Table" vid="5E1F8465-619E-78FE-18DC-8248D1698B64">
<hideElementsInCurrentOnly>false</hideElementsInCurrentOnly>
<bounds x="897" y="93" width="170" height="113"/>
</OView>
<OView class="oracle.dbtools.crest.swingui.relational.TVTable" oid="5FAAE2E4-C728-166E-E1C5-46E6093D0D87" otype="Table" vid="8D821566-081D-8F3B-EAB5-04565CA64436">
<hideElementsInCurrentOnly>false</hideElementsInCurrentOnly>
<bounds x="399" y="703" width="170" height="110"/>
</OView>
<OView class="oracle.dbtools.crest.swingui.relational.TVTable" oid="64F71207-D2A9-5E16-5C14-340D5D580368" otype="Table" vid="A6F0B6A3-0B69-0108-25F5-9DF7A0D49377">
<hideElementsInCurrentOnly>false</hideElementsInCurrentOnly>
<bounds x="612" y="417" width="174" height="171"/>
</OView>
<OView class="oracle.dbtools.crest.swingui.relational.TVTable" oid="67DC4A47-F61F-3061-390B-FEC723427E2B" otype="Table" vid="2FCD0B35-FCC0-E7EB-A03A-065BE75D072E">
<hideElementsInCurrentOnly>false</hideElementsInCurrentOnly>
<bounds x="101" y="401" width="170" height="111"/>
</OView>
<OView class="oracle.dbtools.crest.swingui.relational.TVTable" oid="6B3D9C8A-5552-7A7E-524E-AE9B20EC38C5" otype="Table" vid="AEFF30C4-83F1-9CF6-714C-EADC84CECA42">
<hideElementsInCurrentOnly>false</hideElementsInCurrentOnly>
<bounds x="85" y="1187" width="170" height="110"/>
</OView>
<OView class="oracle.dbtools.crest.swingui.relational.TVTable" oid="73832CBE-C281-F49B-FBF9-48F1DD2489AF" otype="Table" vid="11645C68-85A4-4EDF-6C70-298B2BACFA88">
<hideElementsInCurrentOnly>false</hideElementsInCurrentOnly>
<bounds x="851" y="708" width="170" height="111"/>
</OView>
<OView class="oracle.dbtools.crest.swingui.relational.TVTable" oid="950096E6-00BD-6BF4-CB91-CB560F8429F8" otype="Table" vid="BB8F1B80-4760-451E-F07D-DAB9EE108DB3">
<hideElementsInCurrentOnly>false</hideElementsInCurrentOnly>
<bounds x="1096" y="280" width="170" height="114"/>
</OView>
<OView class="oracle.dbtools.crest.swingui.relational.TVTable" oid="C4AA5EAE-2243-9711-8A35-646A60DF0DBA" otype="Table" vid="D877E71B-D350-DD56-7416-D80672EB6248">
<hideElementsInCurrentOnly>false</hideElementsInCurrentOnly>
<bounds x="380" y="402" width="170" height="112"/>
</OView>
<OView class="oracle.dbtools.crest.swingui.relational.TVTable" oid="C5D66FAF-4DB6-EBAF-DB41-32A1C6C21C2B" otype="Table" vid="66762255-343F-6EE4-515D-7EB513AD202B">
<hideElementsInCurrentOnly>false</hideElementsInCurrentOnly>
<bounds x="100" y="658" width="170" height="111"/>
</OView>
<OView class="oracle.dbtools.crest.swingui.relational.TVTable" oid="DC04F0BB-FCEA-707F-3C9C-422528C6E671" otype="Table" vid="82421905-32C2-5821-D277-58B7BD20F1DC">
<hideElementsInCurrentOnly>false</hideElementsInCurrentOnly>
<bounds x="399" y="956" width="170" height="110"/>
</OView>
<OView class="oracle.dbtools.crest.swingui.relational.TVTable" oid="DF36B071-A3E5-5FA4-26FD-3809F34A84B5" otype="Table" vid="5FD92CB4-4AE7-4A01-DBE9-03A93970D9AF">
<hideElementsInCurrentOnly>false</hideElementsInCurrentOnly>
<bounds x="460" y="33" width="266" height="136"/>
</OView>
<OView class="oracle.dbtools.crest.swingui.relational.TVTable" oid="E0DD1DD7-B0F8-AF36-BD8E-F748CE8279F1" otype="Table" vid="B9BA0208-AA6D-17D9-73FB-82CAEB68B316">
<hideElementsInCurrentOnly>false</hideElementsInCurrentOnly>
<bounds x="99" y="186" width="209" height="145"/>
</OView>
<OView class="oracle.dbtools.crest.swingui.relational.TVTable" oid="F0E284AE-E20D-895E-DE7B-648780C7002D" otype="Table" vid="4BC89E85-62CC-1759-29A2-6B5E53D109E0">
<hideElementsInCurrentOnly>false</hideElementsInCurrentOnly>
<bounds x="1119" y="701" width="170" height="113"/>
</OView>
</objectViews>
<connectors>
<Connector class="oracle.dbtools.crest.swingui.relational.TVFKRelation" oid="01C453CA-DD55-9889-2F66-6D780231E0D5" otype="FKIndexAssociation" vid_source="11645C68-85A4-4EDF-6C70-298B2BACFA88" vid_target="A6F0B6A3-0B69-0108-25F5-9DF7A0D49377">
<hideElementsInCurrentOnly>false</hideElementsInCurrentOnly>
<backgroundColor>-16777216</backgroundColor>
<lineWidth>1</lineWidth>
<points>
<point x="947" y="708"/>
<point x="947" y="525"/>
<point x="786" y="525"/>
</points>
</Connector>
<Connector class="oracle.dbtools.crest.swingui.relational.TVFKRelation" oid="06348FA0-1E42-2044-A988-8E3ABEF5908C" otype="FKIndexAssociation" vid_source="5E1F8465-619E-78FE-18DC-8248D1698B64" vid_target="BB8F1B80-4760-451E-F07D-DAB9EE108DB3">
<hideElementsInCurrentOnly>false</hideElementsInCurrentOnly>
<backgroundColor>-16777216</backgroundColor>
<lineWidth>1</lineWidth>
<points>
<point x="1067" y="142"/>
<point x="1122" y="142"/>
<point x="1122" y="280"/>
</points>
</Connector>
<Connector class="oracle.dbtools.crest.swingui.relational.TVFKRelation" oid="326D5188-B830-DB0A-D539-8579ACE430B8" otype="FKIndexAssociation" vid_source="5E1F8465-619E-78FE-18DC-8248D1698B64" vid_target="A6F0B6A3-0B69-0108-25F5-9DF7A0D49377">
<hideElementsInCurrentOnly>false</hideElementsInCurrentOnly>
<backgroundColor>-16777216</backgroundColor>
<lineWidth>1</lineWidth>
<points>
<point x="897" y="170"/>
<point x="738" y="170"/>
<point x="738" y="417"/>
</points>
</Connector>
<Connector class="oracle.dbtools.crest.swingui.relational.TVFKRelation" oid="40075393-E76C-D75C-BB9A-B67961FE6E39" otype="FKIndexAssociation" vid_source="66762255-343F-6EE4-515D-7EB513AD202B" vid_target="15080A00-E3D7-BCA9-845A-E94C74C04025">
<hideElementsInCurrentOnly>false</hideElementsInCurrentOnly>
<backgroundColor>-16777216</backgroundColor>
<lineWidth>1</lineWidth>
<points>
<point x="192" y="769"/>
<point x="192" y="919"/>
</points>
</Connector>
<Connector class="oracle.dbtools.crest.swingui.relational.TVFKRelation" oid="4D07F5ED-5ACF-6B81-018F-25C3A131B9D0" otype="FKIndexAssociation" vid_source="4BC89E85-62CC-1759-29A2-6B5E53D109E0" vid_target="BB8F1B80-4760-451E-F07D-DAB9EE108DB3">
<hideElementsInCurrentOnly>false</hideElementsInCurrentOnly>
<backgroundColor>-16777216</backgroundColor>
<lineWidth>1</lineWidth>
<points>
<point x="1192" y="701"/>
<point x="1192" y="394"/>
</points>
</Connector>
<Connector class="oracle.dbtools.crest.swingui.relational.TVFKRelation" oid="627DA242-F691-CB4F-2D00-DA497297EF3C" otype="FKIndexAssociation" vid_source="5E1F8465-619E-78FE-18DC-8248D1698B64" vid_target="A6F0B6A3-0B69-0108-25F5-9DF7A0D49377">
<hideElementsInCurrentOnly>false</hideElementsInCurrentOnly>
<backgroundColor>-16777216</backgroundColor>
<lineWidth>1</lineWidth>
<points>
<point x="924" y="206"/>
<point x="924" y="459"/>
<point x="786" y="459"/>
</points>
</Connector>
<Connector class="oracle.dbtools.crest.swingui.relational.TVFKRelation" oid="63FB5397-E822-6A08-4BED-DB9C7B108D38" otype="FKIndexAssociation" vid_source="5FD92CB4-4AE7-4A01-DBE9-03A93970D9AF" vid_target="D877E71B-D350-DD56-7416-D80672EB6248">
<hideElementsInCurrentOnly>false</hideElementsInCurrentOnly>
<backgroundColor>-16777216</backgroundColor>
<lineWidth>1</lineWidth>
<points>
<point x="520" y="169"/>
<point x="520" y="402"/>
</points>
</Connector>
<Connector class="oracle.dbtools.crest.swingui.relational.TVFKRelation" oid="73746543-2458-0659-DC98-6BB4AF362466" otype="FKIndexAssociation" vid_source="8D9F2AFF-F022-FDCE-8DBF-BACD67D97A3A" vid_target="82421905-32C2-5821-D277-58B7BD20F1DC">
<hideElementsInCurrentOnly>false</hideElementsInCurrentOnly>
<backgroundColor>-16777216</backgroundColor>
<lineWidth>1</lineWidth>
<points>
<point x="866" y="1003"/>
<point x="728" y="1003"/>
<point x="569" y="1003"/>
</points>
</Connector>
<Connector class="oracle.dbtools.crest.swingui.relational.TVFKRelation" oid="763BAE09-E2ED-C3DB-4AA8-D91CE0568AC1" otype="FKIndexAssociation" vid_source="82421905-32C2-5821-D277-58B7BD20F1DC" vid_target="8D821566-081D-8F3B-EAB5-04565CA64436">
<hideElementsInCurrentOnly>false</hideElementsInCurrentOnly>
<backgroundColor>-16777216</backgroundColor>
<lineWidth>1</lineWidth>
<points>
<point x="469" y="956"/>
<point x="469" y="893"/>
<point x="469" y="813"/>
</points>
</Connector>
<Connector class="oracle.dbtools.crest.swingui.relational.TVFKRelation" oid="77022E85-DC32-103D-A149-4516D41CE0D5" otype="FKIndexAssociation" vid_source="B9BA0208-AA6D-17D9-73FB-82CAEB68B316" vid_target="5FD92CB4-4AE7-4A01-DBE9-03A93970D9AF">
<hideElementsInCurrentOnly>false</hideElementsInCurrentOnly>
<backgroundColor>-16777216</backgroundColor>
<lineWidth>1</lineWidth>
<points>
<point x="277" y="186"/>
<point x="277" y="113"/>
<point x="460" y="113"/>
</points>
</Connector>
<Connector class="oracle.dbtools.crest.swingui.relational.TVFKRelation" oid="789CED24-2FDC-E344-68A6-E1984CD2CE51" otype="FKIndexAssociation" vid_source="5FD92CB4-4AE7-4A01-DBE9-03A93970D9AF" vid_target="A6F0B6A3-0B69-0108-25F5-9DF7A0D49377">
<hideElementsInCurrentOnly>false</hideElementsInCurrentOnly>
<backgroundColor>-16777216</backgroundColor>
<lineWidth>1</lineWidth>
<points>
<point x="642" y="169"/>
<point x="642" y="320"/>
<point x="642" y="417"/>
</points>
</Connector>
<Connector class="oracle.dbtools.crest.swingui.relational.TVFKRelation" oid="CB292D22-02CE-D4A8-BCB9-3A530AAC01C5" otype="FKIndexAssociation" vid_source="AEFF30C4-83F1-9CF6-714C-EADC84CECA42" vid_target="15080A00-E3D7-BCA9-845A-E94C74C04025">
<hideElementsInCurrentOnly>false</hideElementsInCurrentOnly>
<backgroundColor>-16777216</backgroundColor>
<lineWidth>1</lineWidth>
<points>
<point x="185" y="1187"/>
<point x="185" y="1029"/>
</points>
</Connector>
<Connector class="oracle.dbtools.crest.swingui.relational.TVFKRelation" oid="DF9E3409-27AD-B469-40C9-92270B48A29B" otype="FKIndexAssociation" vid_source="66762255-343F-6EE4-515D-7EB513AD202B" vid_target="2FCD0B35-FCC0-E7EB-A03A-065BE75D072E">
<hideElementsInCurrentOnly>false</hideElementsInCurrentOnly>
<backgroundColor>-16777216</backgroundColor>
<lineWidth>1</lineWidth>
<points>
<point x="200" y="658"/>
<point x="200" y="512"/>
</points>
</Connector>
<Connector class="oracle.dbtools.crest.swingui.relational.TVFKRelation" oid="E2BC3CC0-5506-C3C2-D73A-1E0D0B0A2A62" otype="FKIndexAssociation" vid_source="A6F0B6A3-0B69-0108-25F5-9DF7A0D49377" vid_target="8D821566-081D-8F3B-EAB5-04565CA64436">
<hideElementsInCurrentOnly>false</hideElementsInCurrentOnly>
<backgroundColor>-16777216</backgroundColor>
<lineWidth>1</lineWidth>
<points>
<point x="612" y="572"/>
<point x="462" y="572"/>
<point x="462" y="703"/>
</points>
</Connector>
<Connector class="oracle.dbtools.crest.swingui.relational.TVFKRelation" oid="F365DA68-9DAB-19EE-2A31-4CAD030DE114" otype="FKIndexAssociation" vid_source="5E1F8465-619E-78FE-18DC-8248D1698B64" vid_target="5FD92CB4-4AE7-4A01-DBE9-03A93970D9AF">
<hideElementsInCurrentOnly>false</hideElementsInCurrentOnly>
<backgroundColor>-16777216</backgroundColor>
<lineWidth>1</lineWidth>
<points>
<point x="897" y="100"/>
<point x="822" y="100"/>
<point x="726" y="100"/>
</points>
</Connector>
<Connector class="oracle.dbtools.crest.swingui.relational.TVFKRelation" oid="F4268784-5CB6-AAE8-848C-CD389A3FD501" otype="FKIndexAssociation" vid_source="2FCD0B35-FCC0-E7EB-A03A-065BE75D072E" vid_target="D877E71B-D350-DD56-7416-D80672EB6248">
<hideElementsInCurrentOnly>false</hideElementsInCurrentOnly>
<backgroundColor>-16777216</backgroundColor>
<lineWidth>1</lineWidth>
<points>
<point x="271" y="472"/>
<point x="380" y="472"/>
</points>
</Connector>
</connectors>
</Diagram>