<?xml version = '1.0' encoding = 'UTF-8'?>
<Diagram class="oracle.dbtools.crest.swingui.logical.DPVLogical" name="Logical" id="8EC94FC2-DD9B-66BD-127D-B0D34437AA7C">
<createdBy>farhadullahrezwan</createdBy>
<modifiedBy>farhadullahrezwan</modifiedBy>
<createdTime>2019-04-24 17:56:09 UTC</createdTime>
<autoRoute>false</autoRoute>
<boxInbox>true</boxInbox>
<showLegend>true</showLegend>
<showLabels>true</showLabels>
<showRelAttributes>false</showRelAttributes>
<gridEnabled>false</gridEnabled>
<showGrid>false</showGrid>
<diagramColor>-1</diagramColor>
<display>false</display>
<notation>2</notation>
<showAllDetails>false</showAllDetails>
<showElements>true</showElements>
<objectViews>
<OView class="oracle.dbtools.crest.swingui.logical.TVEntity" oid="1B06B0DD-D323-5B10-4AD7-BFF0ABDF5EA1" otype="Entity" vid="5E020DC0-C239-801F-8980-28F552FAB880">
<hideElementsInCurrentOnly>false</hideElementsInCurrentOnly>
<bounds x="101" y="401" width="170" height="111"/>
</OView>
<OView class="oracle.dbtools.crest.swingui.logical.TVEntity" oid="1B37467E-7324-891F-E987-26961995C226" otype="Entity" vid="34B9EA2E-C832-4DF0-606D-384406560D57">
<hideElementsInCurrentOnly>false</hideElementsInCurrentOnly>
<bounds x="612" y="417" width="174" height="171"/>
</OView>
<OView class="oracle.dbtools.crest.swingui.logical.TVEntity" oid="2D10046B-9C3A-D609-0A74-DEF3A115787D" otype="Entity" vid="76C3C0FC-51C7-6A43-2874-BC4F5E4E83FD">
<hideElementsInCurrentOnly>false</hideElementsInCurrentOnly>
<bounds x="100" y="658" width="170" height="111"/>
</OView>
<OView class="oracle.dbtools.crest.swingui.logical.TVEntity" oid="3448DECA-D272-6225-024F-A2AE9DDF7AFA" otype="Entity" vid="9C86B135-6543-68C1-7025-31B24A61826E">
<hideElementsInCurrentOnly>false</hideElementsInCurrentOnly>
<bounds x="85" y="919" width="170" height="110"/>
</OView>
<OView class="oracle.dbtools.crest.swingui.logical.TVEntity" oid="3D9B5AF8-3563-0AF9-2F74-8E9B26C4220D" otype="Entity" vid="26739E99-965A-641A-0086-B9BAE3B73056">
<hideElementsInCurrentOnly>false</hideElementsInCurrentOnly>
<bounds x="866" y="953" width="170" height="114"/>
</OView>
<OView class="oracle.dbtools.crest.swingui.logical.TVEntity" oid="499930D8-5880-ED47-0FFE-D5BEB2B391D4" otype="Entity" vid="90E6899E-2A65-B780-6E94-56B02EB6492C">
<hideElementsInCurrentOnly>false</hideElementsInCurrentOnly>
<bounds x="85" y="1187" width="170" height="110"/>
</OView>
<OView class="oracle.dbtools.crest.swingui.logical.TVEntity" oid="4E665685-DA47-226B-F171-F6E10E581C5B" otype="Entity" vid="F7344D91-015C-9C61-1D4F-8D7342E60835">
<hideElementsInCurrentOnly>false</hideElementsInCurrentOnly>
<bounds x="380" y="402" width="170" height="112"/>
</OView>
<OView class="oracle.dbtools.crest.swingui.logical.TVEntity" oid="80907D7C-6AC8-490C-3947-29DFEEA740F4" otype="Entity" vid="D710ED7B-7346-2841-D53C-B5E5D1EE5BA7">
<hideElementsInCurrentOnly>false</hideElementsInCurrentOnly>
<bounds x="897" y="93" width="170" height="113"/>
</OView>
<OView class="oracle.dbtools.crest.swingui.logical.TVEntity" oid="9341A1FF-A067-F1C0-32BB-6DDBC90FC383" otype="Entity" vid="413C5E96-F095-5F4B-77CB-0B40A8528DAB">
<hideElementsInCurrentOnly>false</hideElementsInCurrentOnly>
<bounds x="1119" y="701" width="170" height="113"/>
</OView>
<OView class="oracle.dbtools.crest.swingui.logical.TVEntity" oid="A8B8D68D-638B-D21F-BECB-7ACCAFAE4744" otype="Entity" vid="2A802AE7-48AC-D2C3-07B1-4F756B84F51C">
<hideElementsInCurrentOnly>false</hideElementsInCurrentOnly>
<bounds x="99" y="186" width="209" height="145"/>
</OView>
<OView class="oracle.dbtools.crest.swingui.logical.TVEntity" oid="BD3463AA-35C5-84C5-8CCF-6DBC9A0C86EB" otype="Entity" vid="CD531B65-6B98-D32C-D6C3-14399E81F6AF">
<hideElementsInCurrentOnly>false</hideElementsInCurrentOnly>
<bounds x="1096" y="280" width="170" height="114"/>
</OView>
<OView class="oracle.dbtools.crest.swingui.logical.TVEntity" oid="D0D1E7EA-0F6F-FCC7-A618-23849F4BC0A0" otype="Entity" vid="A8123FF4-1A08-0979-238F-CB6391BEFE21">
<hideElementsInCurrentOnly>false</hideElementsInCurrentOnly>
<bounds x="460" y="33" width="266" height="136"/>
</OView>
<OView class="oracle.dbtools.crest.swingui.logical.TVEntity" oid="E770E45E-D6BF-C31A-EEDB-27A2A422C036" otype="Entity" vid="B981F05E-333E-1608-7E05-B2ABDBD6DA8F">
<hideElementsInCurrentOnly>false</hideElementsInCurrentOnly>
<bounds x="399" y="703" width="170" height="110"/>
</OView>
<OView class="oracle.dbtools.crest.swingui.logical.TVEntity" oid="F235C7E0-20E1-387F-FB56-CE022CB9BBD0" otype="Entity" vid="A0F76503-B355-AABE-C253-D8AF88F0C0DD">
<hideElementsInCurrentOnly>false</hideElementsInCurrentOnly>
<bounds x="399" y="956" width="170" height="110"/>
</OView>
<OView class="oracle.dbtools.crest.swingui.logical.TVEntity" oid="F2A1C804-5ABA-D766-8A5D-574053D354BA" otype="Entity" vid="A12870F3-6C55-9892-6BCE-BA6315592E8E">
<hideElementsInCurrentOnly>false</hideElementsInCurrentOnly>
<bounds x="851" y="708" width="170" height="111"/>
</OView>
<OView class="oracle.dbtools.crest.swingui.TVLegend" oid="FA58D75E-79D1-072E-D39F-44C5678B4711" otype="Legend" vid="E73A71AB-C0D0-660F-C63E-D97058548E15">
<hideElementsInCurrentOnly>false</hideElementsInCurrentOnly>
<bounds x="10" y="10" width="226" height="128"/>
</OView>
</objectViews>
<connectors>
<Connector class="oracle.dbtools.crest.swingui.logical.TVRelation" oid="05C21D6D-2784-B9B9-1990-6E2AAD3694E3" otype="Relation" vid_source="26739E99-965A-641A-0086-B9BAE3B73056" vid_target="A0F76503-B355-AABE-C253-D8AF88F0C0DD">
<hideElementsInCurrentOnly>false</hideElementsInCurrentOnly>
<backgroundColor>-16777216</backgroundColor>
<lineWidth>1</lineWidth>
<sourceLabel class="oracle.dbtools.crest.model.design.Label">
<site>0</site>
<labelBounds x="787" y="973" width="73" height="30"/>
<noBackgroundColor>true</noBackgroundColor>
<noForegroundColor>true</noForegroundColor>
</sourceLabel>
<points>
<point x="866" y="1003"/>
<point x="728" y="1003"/>
<point x="569" y="1003"/>
</points>
</Connector>
<Connector class="oracle.dbtools.crest.swingui.logical.TVRelation" oid="2CD08A30-1039-E89D-BCD8-7F58AD330EA3" otype="Relation" vid_source="D710ED7B-7346-2841-D53C-B5E5D1EE5BA7" vid_target="A8123FF4-1A08-0979-238F-CB6391BEFE21">
<hideElementsInCurrentOnly>false</hideElementsInCurrentOnly>
<backgroundColor>-16777216</backgroundColor>
<lineWidth>1</lineWidth>
<sourceLabel class="oracle.dbtools.crest.model.design.Label">
<site>0</site>
<labelBounds x="825" y="70" width="66" height="30"/>
<noBackgroundColor>true</noBackgroundColor>
<noForegroundColor>true</noForegroundColor>
</sourceLabel>
<points>
<point x="897" y="100"/>
<point x="822" y="100"/>
<point x="726" y="100"/>
</points>
</Connector>
<Connector class="oracle.dbtools.crest.swingui.logical.TVRelation" oid="3ECFB8FA-0295-D1DB-4A5B-741BE5BB7800" otype="Relation" vid_source="A12870F3-6C55-9892-6BCE-BA6315592E8E" vid_target="34B9EA2E-C832-4DF0-606D-384406560D57">
<hideElementsInCurrentOnly>false</hideElementsInCurrentOnly>
<backgroundColor>-16777216</backgroundColor>
<lineWidth>1</lineWidth>
<sourceLabel class="oracle.dbtools.crest.model.design.Label">
<site>0</site>
<labelBounds x="947" y="672" width="55" height="30"/>
<noBackgroundColor>true</noBackgroundColor>
<noForegroundColor>true</noForegroundColor>
</sourceLabel>
<points>
<point x="947" y="708"/>
<point x="947" y="525"/>
<point x="786" y="525"/>
</points>
</Connector>
<Connector class="oracle.dbtools.crest.swingui.logical.TVRelation" oid="4A9EB173-1A13-9533-C4A2-EB2C2DA44620" otype="Relation" vid_source="76C3C0FC-51C7-6A43-2874-BC4F5E4E83FD" vid_target="9C86B135-6543-68C1-7025-31B24A61826E">
<hideElementsInCurrentOnly>false</hideElementsInCurrentOnly>
<backgroundColor>-16777216</backgroundColor>
<lineWidth>1</lineWidth>
<sourceLabel class="oracle.dbtools.crest.model.design.Label">
<site>0</site>
<labelBounds x="192" y="813" width="32" height="30"/>
<noBackgroundColor>true</noBackgroundColor>
<noForegroundColor>true</noForegroundColor>
</sourceLabel>
<points>
<point x="192" y="769"/>
<point x="192" y="919"/>
</points>
</Connector>
<Connector class="oracle.dbtools.crest.swingui.logical.TVRelation" oid="4AE50C29-F2E0-96C6-0C42-F161697D7859" otype="Relation" vid_source="2A802AE7-48AC-D2C3-07B1-4F756B84F51C" vid_target="A8123FF4-1A08-0979-238F-CB6391BEFE21">
<hideElementsInCurrentOnly>false</hideElementsInCurrentOnly>
<backgroundColor>-16777216</backgroundColor>
<lineWidth>1</lineWidth>
<sourceLabel class="oracle.dbtools.crest.model.design.Label">
<site>0</site>
<labelBounds x="277" y="150" width="42" height="30"/>
<noBackgroundColor>true</noBackgroundColor>
<noForegroundColor>true</noForegroundColor>
</sourceLabel>
<points>
<point x="277" y="186"/>
<point x="277" y="113"/>
<point x="460" y="113"/>
</points>
</Connector>
<Connector class="oracle.dbtools.crest.swingui.logical.TVRelation" oid="5D69E3A4-D5FB-3D53-CB38-FCD866B5A7EC" otype="Relation" vid_source="90E6899E-2A65-B780-6E94-56B02EB6492C" vid_target="9C86B135-6543-68C1-7025-31B24A61826E">
<hideElementsInCurrentOnly>false</hideElementsInCurrentOnly>
<backgroundColor>-16777216</backgroundColor>
<lineWidth>1</lineWidth>
<sourceLabel class="oracle.dbtools.crest.model.design.Label">
<site>0</site>
<labelBounds x="185" y="1151" width="78" height="30"/>
<noBackgroundColor>true</noBackgroundColor>
<noForegroundColor>true</noForegroundColor>
</sourceLabel>
<points>
<point x="185" y="1187"/>
<point x="185" y="1029"/>
</points>
</Connector>
<Connector class="oracle.dbtools.crest.swingui.logical.TVRelation" oid="75D5BCC4-DA47-15C9-0B0E-FC4B13701B96" otype="Relation" vid_source="A8123FF4-1A08-0979-238F-CB6391BEFE21" vid_target="F7344D91-015C-9C61-1D4F-8D7342E60835">
<hideElementsInCurrentOnly>false</hideElementsInCurrentOnly>
<backgroundColor>-16777216</backgroundColor>
<lineWidth>1</lineWidth>
<sourceLabel class="oracle.dbtools.crest.model.design.Label">
<site>0</site>
<labelBounds x="520" y="205" width="66" height="30"/>
<noBackgroundColor>true</noBackgroundColor>
<noForegroundColor>true</noForegroundColor>
</sourceLabel>
<points>
<point x="520" y="169"/>
<point x="520" y="402"/>
</points>
</Connector>
<Connector class="oracle.dbtools.crest.swingui.logical.TVRelation" oid="8B984EC4-FA8A-5164-EB9F-B6A08A8F6BE0" otype="Relation" vid_source="D710ED7B-7346-2841-D53C-B5E5D1EE5BA7" vid_target="34B9EA2E-C832-4DF0-606D-384406560D57">
<hideElementsInCurrentOnly>false</hideElementsInCurrentOnly>
<backgroundColor>-16777216</backgroundColor>
<lineWidth>1</lineWidth>
<sourceLabel class="oracle.dbtools.crest.model.design.Label">
<site>0</site>
<labelBounds x="826" y="140" width="65" height="30"/>
<noBackgroundColor>true</noBackgroundColor>
<noForegroundColor>true</noForegroundColor>
</sourceLabel>
<points>
<point x="897" y="170"/>
<point x="738" y="170"/>
<point x="738" y="417"/>
</points>
</Connector>
<Connector class="oracle.dbtools.crest.swingui.logical.TVRelation" oid="8C267D1E-330F-C7D1-F6E1-0A75F2136DF5" otype="Relation" vid_source="34B9EA2E-C832-4DF0-606D-384406560D57" vid_target="B981F05E-333E-1608-7E05-B2ABDBD6DA8F">
<hideElementsInCurrentOnly>false</hideElementsInCurrentOnly>
<backgroundColor>-16777216</backgroundColor>
<lineWidth>1</lineWidth>
<sourceLabel class="oracle.dbtools.crest.model.design.Label">
<site>0</site>
<labelBounds x="551" y="542" width="55" height="30"/>
<noBackgroundColor>true</noBackgroundColor>
<noForegroundColor>true</noForegroundColor>
</sourceLabel>
<points>
<point x="612" y="572"/>
<point x="462" y="572"/>
<point x="462" y="703"/>
</points>
</Connector>
<Connector class="oracle.dbtools.crest.swingui.logical.TVRelation" oid="90555FA4-46BE-F1F3-7AE4-B78787AE0FE1" otype="Relation" vid_source="D710ED7B-7346-2841-D53C-B5E5D1EE5BA7" vid_target="CD531B65-6B98-D32C-D6C3-14399E81F6AF">
<hideElementsInCurrentOnly>false</hideElementsInCurrentOnly>
<backgroundColor>-16777216</backgroundColor>
<lineWidth>1</lineWidth>
<sourceLabel class="oracle.dbtools.crest.model.design.Label">
<site>0</site>
<labelBounds x="1077" y="108" width="32" height="34"/>
<noBackgroundColor>true</noBackgroundColor>
<noForegroundColor>true</noForegroundColor>
</sourceLabel>
<points>
<point x="1067" y="142"/>
<point x="1122" y="142"/>
<point x="1122" y="280"/>
</points>
</Connector>
<Connector class="oracle.dbtools.crest.swingui.logical.TVRelation" oid="91E410EA-C987-003C-175D-40FD7D6A0DB7" otype="Relation" vid_source="A0F76503-B355-AABE-C253-D8AF88F0C0DD" vid_target="B981F05E-333E-1608-7E05-B2ABDBD6DA8F">
<hideElementsInCurrentOnly>false</hideElementsInCurrentOnly>
<backgroundColor>-16777216</backgroundColor>
<lineWidth>1</lineWidth>
<sourceLabel class="oracle.dbtools.crest.model.design.Label">
<site>0</site>
<labelBounds x="469" y="920" width="32" height="30"/>
<noBackgroundColor>true</noBackgroundColor>
<noForegroundColor>true</noForegroundColor>
</sourceLabel>
<points>
<point x="469" y="956"/>
<point x="469" y="893"/>
<point x="469" y="813"/>
</points>
</Connector>
<Connector class="oracle.dbtools.crest.swingui.logical.TVRelation" oid="A75CD2C6-A425-FB8E-F9C1-0E20F6EA0FAA" otype="Relation" vid_source="76C3C0FC-51C7-6A43-2874-BC4F5E4E83FD" vid_target="5E020DC0-C239-801F-8980-28F552FAB880">
<hideElementsInCurrentOnly>false</hideElementsInCurrentOnly>
<backgroundColor>-16777216</backgroundColor>
<lineWidth>1</lineWidth>
<sourceLabel class="oracle.dbtools.crest.model.design.Label">
<site>0</site>
<labelBounds x="200" y="622" width="56" height="30"/>
<noBackgroundColor>true</noBackgroundColor>
<noForegroundColor>true</noForegroundColor>
</sourceLabel>
<points>
<point x="200" y="658"/>
<point x="200" y="512"/>
</points>
</Connector>
<Connector class="oracle.dbtools.crest.swingui.logical.TVRelation" oid="C700E7B0-0441-07F8-566B-B8C79FA453A0" otype="Relation" vid_source="A8123FF4-1A08-0979-238F-CB6391BEFE21" vid_target="34B9EA2E-C832-4DF0-606D-384406560D57">
<hideElementsInCurrentOnly>false</hideElementsInCurrentOnly>
<backgroundColor>-16777216</backgroundColor>
<lineWidth>1</lineWidth>
<sourceLabel class="oracle.dbtools.crest.model.design.Label">
<site>0</site>
<labelBounds x="642" y="213" width="55" height="30"/>
<noBackgroundColor>true</noBackgroundColor>
<noForegroundColor>true</noForegroundColor>
</sourceLabel>
<points>
<point x="642" y="169"/>
<point x="642" y="320"/>
<point x="642" y="417"/>
</points>
</Connector>
<Connector class="oracle.dbtools.crest.swingui.logical.TVRelation" oid="D61E4573-8FEE-9B27-1402-84D4C35A2C50" otype="Relation" vid_source="5E020DC0-C239-801F-8980-28F552FAB880" vid_target="F7344D91-015C-9C61-1D4F-8D7342E60835">
<hideElementsInCurrentOnly>false</hideElementsInCurrentOnly>
<backgroundColor>-16777216</backgroundColor>
<lineWidth>1</lineWidth>
<sourceLabel class="oracle.dbtools.crest.model.design.Label">
<site>0</site>
<labelBounds x="281" y="440" width="39" height="32"/>
<noBackgroundColor>true</noBackgroundColor>
<noForegroundColor>true</noForegroundColor>
</sourceLabel>
<points>
<point x="271" y="472"/>
<point x="380" y="472"/>
</points>
</Connector>
<Connector class="oracle.dbtools.crest.swingui.logical.TVRelation" oid="EC2AC6AB-001A-9A9B-ABEC-CA11304E78D8" otype="Relation" vid_source="D710ED7B-7346-2841-D53C-B5E5D1EE5BA7" vid_target="34B9EA2E-C832-4DF0-606D-384406560D57">
<hideElementsInCurrentOnly>false</hideElementsInCurrentOnly>
<backgroundColor>-16777216</backgroundColor>
<lineWidth>1</lineWidth>
<sourceLabel class="oracle.dbtools.crest.model.design.Label">
<site>0</site>
<labelBounds x="924" y="250" width="65" height="30"/>
<noBackgroundColor>true</noBackgroundColor>
<noForegroundColor>true</noForegroundColor>
</sourceLabel>
<points>
<point x="924" y="206"/>
<point x="924" y="459"/>
<point x="786" y="459"/>
</points>
</Connector>
<Connector class="oracle.dbtools.crest.swingui.logical.TVRelation" oid="ECC41746-2BA6-5C03-E5D8-FCAF299BA750" otype="Relation" vid_source="413C5E96-F095-5F4B-77CB-0B40A8528DAB" vid_target="CD531B65-6B98-D32C-D6C3-14399E81F6AF">
<hideElementsInCurrentOnly>false</hideElementsInCurrentOnly>
<backgroundColor>-16777216</backgroundColor>
<lineWidth>1</lineWidth>
<sourceLabel class="oracle.dbtools.crest.model.design.Label">
<site>0</site>
<labelBounds x="1192" y="665" width="68" height="30"/>
<noBackgroundColor>true</noBackgroundColor>
<noForegroundColor>true</noForegroundColor>
</sourceLabel>
<points>
<point x="1192" y="701"/>
<point x="1192" y="394"/>
</points>
</Connector>
</connectors>
</Diagram>